instrument,bris_time,bris_h,bris_m,dst_regime,size_filter,dominance,dom_desc,avg_vol,n_breaks,avg_r,wr,total_r,median_orb_size,median_mfe_r
MNQ,0900,9,0,WINTER,ALL_BREAKS,HANDOFF,"CME open, US→Asia transition",492.6,176,0.0644,0.3977,11.33,25.5,0.969
MNQ,0900,9,0,WINTER,G4+,HANDOFF,"CME open, US→Asia transition",492.6,176,0.0644,0.3977,11.33,25.5,0.969
MNQ,0900,9,0,WINTER,G8+,HANDOFF,"CME open, US→Asia transition",492.6,176,0.0644,0.3977,11.33,25.5,0.969
MNQ,0900,9,0,SUMMER,ALL_BREAKS,HANDOFF,"CME open, US→Asia transition",492.6,338,0.0573,0.355,19.36,10.5,1.092
MNQ,0900,9,0,SUMMER,G4+,HANDOFF,"CME open, US→Asia transition",492.6,319,0.0168,0.3417,5.36,10.75,1.069
MNQ,0900,9,0,SUMMER,G8+,HANDOFF,"CME open, US→Asia transition",492.6,227,-0.0072,0.3348,-1.64,14.25,1.043
MNQ,0915,9,15,ALL,ALL_BREAKS,HANDOFF,"CME open, US→Asia transition",291.1,516,0.1555,0.3857,80.26,9.75,1.312
MNQ,0915,9,15,ALL,G4+,HANDOFF,"CME open, US→Asia transition",291.1,466,0.1443,0.382,67.26,10.5,1.312
MNQ,0915,9,15,ALL,G8+,HANDOFF,"CME open, US→Asia transition",291.1,318,0.1109,0.3711,35.26,13.38,1.208
MNQ,0930,9,30,ALL,ALL_BREAKS,HANDOFF,"CME open, US→Asia transition",299.1,515,0.066,0.3553,34.0,9.5,1.031
MNQ,0930,9,30,ALL,G4+,HANDOFF,"CME open, US→Asia transition",299.1,477,0.0629,0.3543,30.0,10.0,1.031
MNQ,0930,9,30,ALL,G8+,HANDOFF,"CME open, US→Asia transition",299.1,320,0.0406,0.3469,13.0,13.5,0.917
MNQ,0945,9,45,ALL,ALL_BREAKS,HANDOFF,"CME open, US→Asia transition",284.6,516,0.0698,0.3566,36.0,9.25,1.101
MNQ,0945,9,45,ALL,G4+,HANDOFF,"CME open, US→Asia transition",284.6,483,0.0497,0.3499,24.0,10.0,1.081
MNQ,0945,9,45,ALL,G8+,HANDOFF,"CME open, US→Asia transition",284.6,328,0.0335,0.3445,11.0,12.75,1.058
MNQ,1000,10,0,ALL,ALL_BREAKS,ASIA-ONLY,"Tokyo open, US/EU asleep",507.0,516,0.1521,0.3895,78.47,14.0,1.223
MNQ,1000,10,0,ALL,G4+,ASIA-ONLY,"Tokyo open, US/EU asleep",507.0,512,0.1611,0.3926,82.47,14.0,1.239
MNQ,1000,10,0,ALL,G8+,ASIA-ONLY,"Tokyo open, US/EU asleep",507.0,440,0.1329,0.3841,58.47,15.88,1.139
MNQ,1015,10,15,ALL,ALL_BREAKS,ASIA-ONLY,"Tokyo open, US/EU asleep",387.7,516,0.3102,0.4399,160.05,11.25,1.442
MNQ,1015,10,15,ALL,G4+,ASIA-ONLY,"Tokyo open, US/EU asleep",387.7,502,0.3049,0.4382,153.05,11.5,1.417
MNQ,1015,10,15,ALL,G8+,ASIA-ONLY,"Tokyo open, US/EU asleep",387.7,366,0.3307,0.4481,121.05,14.0,1.431
MNQ,1030,10,30,ALL,ALL_BREAKS,ASIA-ONLY,"Tokyo open, US/EU asleep",346.1,516,0.0985,0.3663,50.85,10.5,1.242
MNQ,1030,10,30,ALL,G4+,ASIA-ONLY,"Tokyo open, US/EU asleep",346.1,492,0.0973,0.3659,47.85,10.75,1.247
MNQ,1030,10,30,ALL,G8+,ASIA-ONLY,"Tokyo open, US/EU asleep",346.1,332,0.1471,0.3825,48.85,13.5,1.294
MNQ,1045,10,45,ALL,ALL_BREAKS,ASIA-ONLY,"Tokyo open, US/EU asleep",320.7,515,0.1395,0.3786,71.86,9.5,1.256
MNQ,1045,10,45,ALL,G4+,ASIA-ONLY,"Tokyo open, US/EU asleep",320.7,479,0.1187,0.3716,56.86,10.0,1.225
MNQ,1045,10,45,ALL,G8+,ASIA-ONLY,"Tokyo open, US/EU asleep",320.7,314,0.1906,0.3949,59.86,13.5,1.405
MNQ,1100,11,0,ALL,ALL_BREAKS,ASIA-ONLY,"Singapore/HK, US/EU asleep",408.4,516,0.1667,0.3934,85.99,10.75,1.197
MNQ,1100,11,0,ALL,G4+,ASIA-ONLY,"Singapore/HK, US/EU asleep",408.4,501,0.1776,0.3972,88.99,11.0,1.246
MNQ,1100,11,0,ALL,G8+,ASIA-ONLY,"Singapore/HK, US/EU asleep",408.4,369,0.1924,0.4038,70.99,13.75,1.375
MNQ,1115,11,15,ALL,ALL_BREAKS,ASIA-ONLY,"Singapore/HK, US/EU asleep",334.7,516,0.1129,0.3721,58.25,9.88,1.16
MNQ,1115,11,15,ALL,G4+,ASIA-ONLY,"Singapore/HK, US/EU asleep",334.7,493,0.11,0.3712,54.25,10.25,1.185
MNQ,1115,11,15,ALL,G8+,ASIA-ONLY,"Singapore/HK, US/EU asleep",334.7,332,0.061,0.3554,20.25,13.0,1.154
MNQ,1130,11,30,ALL,ALL_BREAKS,ASIA-ONLY,"Singapore/HK, US/EU asleep",376.2,516,0.1218,0.374,62.83,10.25,1.214
MNQ,1130,11,30,ALL,G4+,ASIA-ONLY,"Singapore/HK, US/EU asleep",376.2,504,0.1247,0.375,62.83,10.38,1.214
MNQ,1130,11,30,ALL,G8+,ASIA-ONLY,"Singapore/HK, US/EU asleep",376.2,354,0.0334,0.3446,11.83,13.12,1.058
MNQ,1145,11,45,ALL,ALL_BREAKS,ASIA-ONLY,"Singapore/HK, US/EU asleep",297.5,516,0.0916,0.3643,47.25,9.0,1.221
MNQ,1145,11,45,ALL,G4+,ASIA-ONLY,"Singapore/HK, US/EU asleep",297.5,490,0.0821,0.3612,40.25,9.25,1.211
MNQ,1145,11,45,ALL,G8+,ASIA-ONLY,"Singapore/HK, US/EU asleep",297.5,306,0.0956,0.366,29.25,12.25,1.287
MNQ,1200,12,0,ALL,ALL_BREAKS,ASIA-ONLY,Asia mid-session,315.2,516,0.1726,0.3915,89.04,9.25,1.168
MNQ,1200,12,0,ALL,G4+,ASIA-ONLY,Asia mid-session,315.2,493,0.1847,0.3955,91.04,9.5,1.179
MNQ,1200,12,0,ALL,G8+,ASIA-ONLY,Asia mid-session,315.2,306,0.1047,0.3693,32.04,13.25,1.128
MNQ,1215,12,15,ALL,ALL_BREAKS,ASIA-ONLY,Asia mid-session,268.3,516,0.1419,0.3818,73.2,8.25,1.109
MNQ,1215,12,15,ALL,G4+,ASIA-ONLY,Asia mid-session,268.3,476,0.1307,0.3782,62.2,8.75,1.109
MNQ,1215,12,15,ALL,G8+,ASIA-ONLY,Asia mid-session,268.3,273,0.0813,0.3626,22.2,12.25,1.081
MNQ,1230,12,30,ALL,ALL_BREAKS,ASIA-ONLY,Asia mid-session,256.5,515,0.0835,0.3612,43.0,8.0,1.0
MNQ,1230,12,30,ALL,G4+,ASIA-ONLY,Asia mid-session,256.5,468,0.1154,0.3718,54.0,8.62,1.0
MNQ,1230,12,30,ALL,G8+,ASIA-ONLY,Asia mid-session,256.5,265,0.166,0.3887,44.0,12.25,1.0
MNQ,1245,12,45,ALL,ALL_BREAKS,ASIA-ONLY,Asia mid-session,220.7,515,0.2874,0.4291,148.0,7.25,1.462
MNQ,1245,12,45,ALL,G4+,ASIA-ONLY,Asia mid-session,220.7,438,0.2808,0.4269,123.0,8.25,1.359
MNQ,1245,12,45,ALL,G8+,ASIA-ONLY,Asia mid-session,220.7,243,0.284,0.428,69.0,11.25,1.447
MNQ,1300,13,0,ALL,ALL_BREAKS,ASIA-FADE,Asia winding down,254.1,515,0.0681,0.3573,35.09,8.0,1.145
MNQ,1300,13,0,ALL,G4+,ASIA-FADE,Asia winding down,254.1,455,0.0837,0.3626,38.09,8.75,1.191
MNQ,1300,13,0,ALL,G8+,ASIA-FADE,Asia winding down,254.1,259,0.0119,0.3398,3.09,12.0,1.091
MNQ,1315,13,15,ALL,ALL_BREAKS,ASIA-FADE,Asia winding down,223.4,515,0.165,0.3883,85.0,7.5,1.364
MNQ,1315,13,15,ALL,G4+,ASIA-FADE,Asia winding down,223.4,447,0.1879,0.396,84.0,8.25,1.386
MNQ,1315,13,15,ALL,G8+,ASIA-FADE,Asia winding down,223.4,239,0.2803,0.4268,67.0,12.0,1.395
MNQ,1330,13,30,ALL,ALL_BREAKS,ASIA-FADE,Asia winding down,229.5,515,0.1534,0.3845,79.0,7.75,1.182
MNQ,1330,13,30,ALL,G4+,ASIA-FADE,Asia winding down,229.5,461,0.1649,0.3883,76.0,8.25,1.194
MNQ,1330,13,30,ALL,G8+,ASIA-FADE,Asia winding down,229.5,255,0.2235,0.4078,57.0,11.75,1.233
MNQ,1345,13,45,ALL,ALL_BREAKS,ASIA-FADE,Asia winding down,205.5,515,0.0194,0.3398,10.0,7.25,1.05
MNQ,1345,13,45,ALL,G4+,ASIA-FADE,Asia winding down,205.5,437,0.0023,0.3341,1.0,8.0,1.077
MNQ,1345,13,45,ALL,G8+,ASIA-FADE,Asia winding down,205.5,222,0.0,0.3333,0.0,11.75,1.09
MNQ,1400,14,0,ALL,ALL_BREAKS,DEAD-ZONE,"Asia closed, EU not open",215.6,515,0.1476,0.3825,76.0,7.5,1.2
MNQ,1400,14,0,ALL,G4+,DEAD-ZONE,"Asia closed, EU not open",215.6,438,0.1027,0.3676,45.0,8.0,1.12
MNQ,1400,14,0,ALL,G8+,DEAD-ZONE,"Asia closed, EU not open",215.6,236,0.1441,0.3814,34.0,12.0,1.268
MNQ,1415,14,15,ALL,ALL_BREAKS,DEAD-ZONE,"Asia closed, EU not open",192.4,515,0.2233,0.4078,115.0,6.25,1.308
MNQ,1415,14,15,ALL,G4+,DEAD-ZONE,"Asia closed, EU not open",192.4,407,0.1572,0.3857,64.0,7.5,1.182
MNQ,1415,14,15,ALL,G8+,DEAD-ZONE,"Asia closed, EU not open",192.4,185,0.1351,0.3784,25.0,12.0,1.184
MNQ,1430,14,30,ALL,ALL_BREAKS,DEAD-ZONE,"Asia closed, EU not open",189.4,515,0.1417,0.3806,73.0,6.5,1.224
MNQ,1430,14,30,ALL,G4+,DEAD-ZONE,"Asia closed, EU not open",189.4,434,0.1406,0.3802,61.0,7.5,1.215
MNQ,1430,14,30,ALL,G8+,DEAD-ZONE,"Asia closed, EU not open",189.4,202,-0.0198,0.3267,-4.0,11.5,0.942
MNQ,1445,14,45,ALL,ALL_BREAKS,DEAD-ZONE,"Asia closed, EU not open",162.0,515,0.1942,0.3981,100.0,6.0,1.212
MNQ,1445,14,45,ALL,G4+,DEAD-ZONE,"Asia closed, EU not open",162.0,408,0.1324,0.3775,54.0,7.0,1.117
MNQ,1445,14,45,ALL,G8+,DEAD-ZONE,"Asia closed, EU not open",162.0,164,0.1341,0.378,22.0,11.0,1.164
MNQ,1500,15,0,WINTER,ALL_BREAKS,EU-EARLY,Europe pre-market,251.4,216,0.2639,0.4213,57.0,8.25,1.319
MNQ,1500,15,0,WINTER,G4+,EU-EARLY,Europe pre-market,251.4,194,0.2835,0.4278,55.0,8.88,1.356
MNQ,1500,15,0,WINTER,G8+,EU-EARLY,Europe pre-market,251.4,120,0.375,0.4583,45.0,11.12,1.511
MNQ,1500,15,0,SUMMER,ALL_BREAKS,EU-EARLY,Europe pre-market,251.4,298,0.0973,0.3658,29.0,8.12,1.232
MNQ,1500,15,0,SUMMER,G4+,EU-EARLY,Europe pre-market,251.4,271,0.0738,0.3579,20.0,8.75,1.229
MNQ,1500,15,0,SUMMER,G8+,EU-EARLY,Europe pre-market,251.4,155,0.0452,0.3484,7.0,12.0,1.253
MNQ,1515,15,15,WINTER,ALL_BREAKS,EU-EARLY,Europe pre-market,205.7,216,0.1528,0.3843,33.0,7.25,1.019
MNQ,1515,15,15,WINTER,G4+,EU-EARLY,Europe pre-market,205.7,185,0.1514,0.3838,28.0,8.0,1.026
MNQ,1515,15,15,WINTER,G8+,EU-EARLY,Europe pre-market,205.7,93,0.1613,0.3871,15.0,11.5,1.011
MNQ,1515,15,15,SUMMER,ALL_BREAKS,EU-EARLY,Europe pre-market,205.7,299,0.2341,0.4114,70.0,7.25,1.312
MNQ,1515,15,15,SUMMER,G4+,EU-EARLY,Europe pre-market,205.7,263,0.2091,0.403,55.0,8.0,1.312
MNQ,1515,15,15,SUMMER,G8+,EU-EARLY,Europe pre-market,205.7,133,0.2632,0.4211,35.0,12.0,1.238
MNQ,1530,15,30,WINTER,ALL_BREAKS,EU-EARLY,Europe pre-market,260.1,216,0.1806,0.3935,39.0,8.5,1.162
MNQ,1530,15,30,WINTER,G4+,EU-EARLY,Europe pre-market,260.1,198,0.1364,0.3788,27.0,8.75,1.122
MNQ,1530,15,30,WINTER,G8+,EU-EARLY,Europe pre-market,260.1,118,0.2966,0.4322,35.0,12.5,1.266
MNQ,1530,15,30,SUMMER,ALL_BREAKS,EU-EARLY,Europe pre-market,260.1,299,0.2441,0.4147,73.0,8.5,1.217
MNQ,1530,15,30,SUMMER,G4+,EU-EARLY,Europe pre-market,260.1,269,0.2268,0.4089,61.0,9.5,1.2
MNQ,1530,15,30,SUMMER,G8+,EU-EARLY,Europe pre-market,260.1,167,0.2575,0.4192,43.0,13.0,1.259
MNQ,1545,15,45,WINTER,ALL_BREAKS,EU-EARLY,Europe pre-market,220.4,216,0.2778,0.4259,60.0,7.5,1.588
MNQ,1545,15,45,WINTER,G4+,EU-EARLY,Europe pre-market,220.4,189,0.3016,0.4339,57.0,8.25,1.652
MNQ,1545,15,45,WINTER,G8+,EU-EARLY,Europe pre-market,220.4,102,0.3235,0.4412,33.0,11.88,1.529
MNQ,1545,15,45,SUMMER,ALL_BREAKS,EU-EARLY,Europe pre-market,220.4,299,0.1839,0.3946,55.0,7.75,1.25
MNQ,1545,15,45,SUMMER,G4+,EU-EARLY,Europe pre-market,220.4,269,0.1933,0.3978,52.0,8.5,1.25
MNQ,1545,15,45,SUMMER,G8+,EU-EARLY,Europe pre-market,220.4,147,0.2041,0.4014,30.0,12.75,1.25
MNQ,1600,16,0,WINTER,ALL_BREAKS,EU-EARLY,Europe opening,365.0,216,0.1389,0.3796,30.0,9.5,1.346
MNQ,1600,16,0,WINTER,G4+,EU-EARLY,Europe opening,365.0,210,0.1429,0.381,30.0,9.5,1.372
MNQ,1600,16,0,WINTER,G8+,EU-EARLY,Europe opening,365.0,135,0.0222,0.3407,3.0,12.5,1.277
MNQ,1600,16,0,SUMMER,ALL_BREAKS,EU-EARLY,Europe opening,365.0,299,0.1201,0.3746,35.9,12.25,1.306
MNQ,1600,16,0,SUMMER,G4+,EU-EARLY,Europe opening,365.0,298,0.1138,0.3725,33.9,12.25,1.303
MNQ,1600,16,0,SUMMER,G8+,EU-EARLY,Europe opening,365.0,252,0.1385,0.381,34.9,13.5,1.351
MNQ,1615,16,15,WINTER,ALL_BREAKS,EU-EARLY,Europe opening,278.0,216,0.0417,0.3472,9.0,7.88,1.116
MNQ,1615,16,15,WINTER,G4+,EU-EARLY,Europe opening,278.0,196,-0.0357,0.3214,-7.0,8.25,1.038
MNQ,1615,16,15,WINTER,G8+,EU-EARLY,Europe opening,278.0,108,-0.2222,0.2593,-24.0,12.12,0.928
MNQ,1615,16,15,SUMMER,ALL_BREAKS,EU-EARLY,Europe opening,278.0,299,0.1538,0.3846,46.0,9.75,1.238
MNQ,1615,16,15,SUMMER,G4+,EU-EARLY,Europe opening,278.0,289,0.1522,0.3841,44.0,9.75,1.238
MNQ,1615,16,15,SUMMER,G8+,EU-EARLY,Europe opening,278.0,187,0.139,0.3797,26.0,13.25,1.268
MNQ,1630,16,30,WINTER,ALL_BREAKS,EU-EARLY,Europe opening,325.7,216,0.1476,0.3843,31.88,9.75,1.256
MNQ,1630,16,30,WINTER,G4+,EU-EARLY,Europe opening,325.7,208,0.1341,0.3798,27.88,10.12,1.256
MNQ,1630,16,30,WINTER,G8+,EU-EARLY,Europe opening,325.7,134,0.1559,0.3881,20.88,14.12,1.344
MNQ,1630,16,30,SUMMER,ALL_BREAKS,EU-EARLY,Europe opening,325.7,299,0.1237,0.3746,37.0,11.0,1.375
MNQ,1630,16,30,SUMMER,G4+,EU-EARLY,Europe opening,325.7,288,0.1146,0.3715,33.0,11.5,1.315
MNQ,1630,16,30,SUMMER,G8+,EU-EARLY,Europe opening,325.7,212,0.0896,0.3632,19.0,13.75,1.301
MNQ,1645,16,45,WINTER,ALL_BREAKS,EU-EARLY,Europe opening,268.8,216,0.0694,0.3565,15.0,8.75,1.206
MNQ,1645,16,45,WINTER,G4+,EU-EARLY,Europe opening,268.8,205,0.0683,0.3561,14.0,9.0,1.221
MNQ,1645,16,45,WINTER,G8+,EU-EARLY,Europe opening,268.8,117,-0.0513,0.3162,-6.0,12.25,1.043
MNQ,1645,16,45,SUMMER,ALL_BREAKS,EU-EARLY,Europe opening,268.8,299,0.0635,0.3545,19.0,9.75,0.986
MNQ,1645,16,45,SUMMER,G4+,EU-EARLY,Europe opening,268.8,284,0.0563,0.3521,16.0,9.75,0.959
MNQ,1645,16,45,SUMMER,G8+,EU-EARLY,Europe opening,268.8,190,0.0421,0.3474,8.0,12.0,1.053
MNQ,1700,17,0,WINTER,ALL_BREAKS,EU-EARLY,Europe morning,537.0,216,0.0278,0.3426,6.0,13.5,1.03
MNQ,1700,17,0,WINTER,G4+,EU-EARLY,Europe morning,537.0,215,0.0326,0.3442,7.0,13.5,1.037
MNQ,1700,17,0,WINTER,G8+,EU-EARLY,Europe morning,537.0,190,-0.0053,0.3316,-1.0,14.75,1.007
MNQ,1700,17,0,SUMMER,ALL_BREAKS,EU-EARLY,Europe morning,537.0,299,0.0964,0.3645,28.82,15.5,1.081
MNQ,1700,17,0,SUMMER,G4+,EU-EARLY,Europe morning,537.0,297,0.1038,0.367,30.82,15.5,1.082
MNQ,1700,17,0,SUMMER,G8+,EU-EARLY,Europe morning,537.0,276,0.1008,0.3659,27.82,16.0,1.087
MNQ,1715,17,15,ALL,ALL_BREAKS,EU-EARLY,Europe morning,411.8,515,0.1226,0.3748,63.12,13.0,1.088
MNQ,1715,17,15,ALL,G4+,EU-EARLY,Europe morning,411.8,512,0.1116,0.3711,57.12,13.0,1.077
MNQ,1715,17,15,ALL,G8+,EU-EARLY,Europe morning,411.8,414,0.0703,0.3575,29.12,14.75,1.0
MNQ,1730,17,30,ALL,ALL_BREAKS,EU-EARLY,Europe morning,414.1,515,0.0194,0.3398,10.0,12.75,1.026
MNQ,1730,17,30,ALL,G4+,EU-EARLY,Europe morning,414.1,510,0.0118,0.3373,6.0,12.88,1.013
MNQ,1730,17,30,ALL,G8+,EU-EARLY,Europe morning,414.1,416,-0.0192,0.3269,-8.0,14.75,1.013
MNQ,1745,17,45,ALL,ALL_BREAKS,EU-EARLY,Europe morning,354.8,515,0.0718,0.3573,37.0,11.75,1.069
MNQ,1745,17,45,ALL,G4+,EU-EARLY,Europe morning,354.8,509,0.0609,0.3536,31.0,11.75,1.067
MNQ,1745,17,45,ALL,G8+,EU-EARLY,Europe morning,354.8,387,0.062,0.354,24.0,14.0,1.058
MNQ,1800,18,0,WINTER,ALL_BREAKS,EU-MAIN,London open,657.2,216,0.2222,0.4074,48.0,18.38,1.314
MNQ,1800,18,0,WINTER,G4+,EU-MAIN,London open,657.2,216,0.2222,0.4074,48.0,18.38,1.314
MNQ,1800,18,0,WINTER,G8+,EU-MAIN,London open,657.2,210,0.2286,0.4095,48.0,18.62,1.296
MNQ,1800,18,0,SUMMER,ALL_BREAKS,EU-MAIN,London open,657.2,299,0.2241,0.408,67.0,18.0,1.451
MNQ,1800,18,0,SUMMER,G4+,EU-MAIN,London open,657.2,298,0.2181,0.406,65.0,18.25,1.44
MNQ,1800,18,0,SUMMER,G8+,EU-MAIN,London open,657.2,283,0.2403,0.4134,68.0,18.75,1.455
MNQ,1815,18,15,ALL,ALL_BREAKS,EU-MAIN,London open,452.2,515,0.2,0.4,103.0,14.25,1.333
MNQ,1815,18,15,ALL,G4+,EU-MAIN,London open,452.2,511,0.2035,0.4012,104.0,14.5,1.333
MNQ,1815,18,15,ALL,G8+,EU-MAIN,London open,452.2,454,0.1894,0.3965,86.0,15.25,1.314
MNQ,1830,18,30,ALL,ALL_BREAKS,EU-MAIN,London open,430.5,515,0.1126,0.3709,58.0,13.5,1.0
MNQ,1830,18,30,ALL,G4+,EU-MAIN,London open,430.5,514,0.1148,0.3716,59.0,13.5,1.0
MNQ,1830,18,30,ALL,G8+,EU-MAIN,London open,430.5,439,0.1139,0.3713,50.0,15.25,0.99
MNQ,1845,18,45,ALL,ALL_BREAKS,EU-MAIN,London open,358.8,515,0.1068,0.3689,55.0,12.0,1.172
MNQ,1845,18,45,ALL,G4+,EU-MAIN,London open,358.8,508,0.1043,0.3681,53.0,12.12,1.159
MNQ,1845,18,45,ALL,G8+,EU-MAIN,London open,358.8,412,0.1068,0.3689,44.0,13.75,1.119
MNQ,1900,19,0,ALL,ALL_BREAKS,EU-MAIN,Europe mid-session,478.9,515,0.0194,0.3398,10.0,14.75,0.944
MNQ,1900,19,0,ALL,G4+,EU-MAIN,Europe mid-session,478.9,510,0.0059,0.3353,3.0,14.75,0.938
MNQ,1900,19,0,ALL,G8+,EU-MAIN,Europe mid-session,478.9,431,-0.0255,0.3248,-11.0,16.25,0.885
MNQ,1915,19,15,ALL,ALL_BREAKS,EU-MAIN,Europe mid-session,359.5,515,0.0951,0.365,49.0,12.0,1.19
MNQ,1915,19,15,ALL,G4+,EU-MAIN,Europe mid-session,359.5,509,0.1022,0.3674,52.0,12.0,1.25
MNQ,1915,19,15,ALL,G8+,EU-MAIN,Europe mid-session,359.5,408,0.1176,0.3725,48.0,14.0,1.203
MNQ,1930,19,30,ALL,ALL_BREAKS,EU-MAIN,Europe mid-session,361.9,515,0.101,0.367,52.0,11.75,1.125
MNQ,1930,19,30,ALL,G4+,EU-MAIN,Europe mid-session,361.9,505,0.1168,0.3723,59.0,12.0,1.129
MNQ,1930,19,30,ALL,G8+,EU-MAIN,Europe mid-session,361.9,391,0.1049,0.3683,41.0,13.75,1.154
MNQ,1945,19,45,ALL,ALL_BREAKS,EU-MAIN,Europe mid-session,314.7,515,0.0893,0.3631,46.0,10.75,1.179
MNQ,1945,19,45,ALL,G4+,EU-MAIN,Europe mid-session,314.7,505,0.0812,0.3604,41.0,11.0,1.173
MNQ,1945,19,45,ALL,G8+,EU-MAIN,Europe mid-session,314.7,363,0.0992,0.3664,36.0,13.25,1.094
MNQ,2000,20,0,ALL,ALL_BREAKS,EU-MAIN,Europe afternoon,409.4,515,0.101,0.367,52.0,12.5,1.143
MNQ,2000,20,0,ALL,G4+,EU-MAIN,Europe afternoon,409.4,512,0.1074,0.3691,55.0,12.5,1.202
MNQ,2000,20,0,ALL,G8+,EU-MAIN,Europe afternoon,409.4,419,0.1098,0.3699,46.0,14.0,1.2
MNQ,2015,20,15,ALL,ALL_BREAKS,EU-MAIN,Europe afternoon,329.0,515,0.1709,0.3903,88.0,10.5,1.204
MNQ,2015,20,15,ALL,G4+,EU-MAIN,Europe afternoon,329.0,506,0.1739,0.3913,88.0,10.5,1.202
MNQ,2015,20,15,ALL,G8+,EU-MAIN,Europe afternoon,329.0,367,0.1526,0.3842,56.0,12.5,1.184
MNQ,2030,20,30,ALL,ALL_BREAKS,EU-MAIN,Europe afternoon,378.9,515,0.0252,0.3417,13.0,11.25,1.204
MNQ,2030,20,30,ALL,G4+,EU-MAIN,Europe afternoon,378.9,511,0.0215,0.3405,11.0,11.25,1.204
MNQ,2030,20,30,ALL,G8+,EU-MAIN,Europe afternoon,378.9,393,0.0382,0.3461,15.0,13.0,1.212
MNQ,2045,20,45,ALL,ALL_BREAKS,EU-MAIN,Europe afternoon,333.0,515,-0.0155,0.3282,-8.0,10.0,1.094
MNQ,2045,20,45,ALL,G4+,EU-MAIN,Europe afternoon,333.0,505,-0.0317,0.3228,-16.0,10.0,1.074
MNQ,2045,20,45,ALL,G8+,EU-MAIN,Europe afternoon,333.0,355,-0.0197,0.3268,-7.0,12.25,1.151
MNQ,2100,21,0,ALL,ALL_BREAKS,EU-US-TRANS,"Europe PM, US pre-market",535.8,515,0.0835,0.3612,43.0,14.25,1.184
MNQ,2100,21,0,ALL,G4+,EU-US-TRANS,"Europe PM, US pre-market",535.8,511,0.092,0.364,47.0,14.25,1.203
MNQ,2100,21,0,ALL,G8+,EU-US-TRANS,"Europe PM, US pre-market",535.8,449,0.0757,0.3586,34.0,15.5,1.146
MNQ,2115,21,15,ALL,ALL_BREAKS,EU-US-TRANS,"Europe PM, US pre-market",398.9,515,0.0718,0.3573,37.0,11.0,1.179
MNQ,2115,21,15,ALL,G4+,EU-US-TRANS,"Europe PM, US pre-market",398.9,508,0.0689,0.3563,35.0,11.25,1.182
MNQ,2115,21,15,ALL,G8+,EU-US-TRANS,"Europe PM, US pre-market",398.9,388,0.0593,0.3531,23.0,13.12,1.187
MNQ,2130,21,30,ALL,ALL_BREAKS,EU-US-TRANS,"Europe PM, US pre-market",460.6,515,0.0252,0.3417,13.0,11.75,1.06
MNQ,2130,21,30,ALL,G4+,EU-US-TRANS,"Europe PM, US pre-market",460.6,510,0.0235,0.3412,12.0,11.75,1.064
MNQ,2130,21,30,ALL,G8+,EU-US-TRANS,"Europe PM, US pre-market",460.6,393,0.0,0.3333,0.0,14.25,1.07
MNQ,2145,21,45,ALL,ALL_BREAKS,EU-US-TRANS,"Europe PM, US pre-market",435.2,515,0.165,0.3883,85.0,11.25,1.333
MNQ,2145,21,45,ALL,G4+,EU-US-TRANS,"Europe PM, US pre-market",435.2,509,0.167,0.389,85.0,11.25,1.333
MNQ,2145,21,45,ALL,G8+,EU-US-TRANS,"Europe PM, US pre-market",435.2,389,0.1877,0.3959,73.0,13.25,1.383
MNQ,2200,22,0,ALL,ALL_BREAKS,CONTESTED,US+Europe overlap,647.4,515,0.0835,0.3612,43.0,15.0,1.172
MNQ,2200,22,0,ALL,G4+,CONTESTED,US+Europe overlap,647.4,511,0.092,0.364,47.0,15.0,1.177
MNQ,2200,22,0,ALL,G8+,CONTESTED,US+Europe overlap,647.4,468,0.0833,0.3611,39.0,15.75,1.157
MNQ,2215,22,15,ALL,ALL_BREAKS,CONTESTED,US+Europe overlap,550.5,515,0.0311,0.3437,16.0,12.25,1.135
MNQ,2215,22,15,ALL,G4+,CONTESTED,US+Europe overlap,550.5,510,0.0294,0.3431,15.0,12.25,1.12
MNQ,2215,22,15,ALL,G8+,CONTESTED,US+Europe overlap,550.5,431,-0.0046,0.3318,-2.0,14.25,1.051
MNQ,2230,22,30,ALL,ALL_BREAKS,CONTESTED,US+Europe overlap,1265.2,515,0.1229,0.3845,63.28,18.0,1.144
MNQ,2230,22,30,ALL,G4+,CONTESTED,US+Europe overlap,1265.2,513,0.1214,0.384,62.28,18.0,1.144
MNQ,2230,22,30,ALL,G8+,CONTESTED,US+Europe overlap,1265.2,470,0.1027,0.3787,48.28,19.88,1.121
MNQ,2245,22,45,ALL,ALL_BREAKS,CONTESTED,US+Europe overlap,831.4,515,0.0951,0.365,49.0,14.25,1.28
MNQ,2245,22,45,ALL,G4+,CONTESTED,US+Europe overlap,831.4,512,0.0898,0.3633,46.0,14.38,1.278
MNQ,2245,22,45,ALL,G8+,CONTESTED,US+Europe overlap,831.4,440,0.0773,0.3591,34.0,15.88,1.269
MNQ,2300,23,0,WINTER,ALL_BREAKS,CONTESTED,US+Europe overlap (peak),952.6,177,0.1525,0.3842,27.0,14.5,1.113
MNQ,2300,23,0,WINTER,G4+,CONTESTED,US+Europe overlap (peak),952.6,177,0.1525,0.3842,27.0,14.5,1.113
MNQ,2300,23,0,WINTER,G8+,CONTESTED,US+Europe overlap (peak),952.6,164,0.1707,0.3902,28.0,15.38,1.195
MNQ,2300,23,0,SUMMER,ALL_BREAKS,CONTESTED,US+Europe overlap (peak),952.6,338,-0.0592,0.3136,-20.0,16.62,0.979
MNQ,2300,23,0,SUMMER,G4+,CONTESTED,US+Europe overlap (peak),952.6,337,-0.0564,0.3145,-19.0,16.75,0.986
MNQ,2300,23,0,SUMMER,G8+,CONTESTED,US+Europe overlap (peak),952.6,320,-0.0719,0.3094,-23.0,17.0,0.947
MNQ,2315,23,15,ALL,ALL_BREAKS,CONTESTED,US+Europe overlap (peak),774.5,515,0.1166,0.3728,60.06,13.5,1.375
MNQ,2315,23,15,ALL,G4+,CONTESTED,US+Europe overlap (peak),774.5,514,0.113,0.3716,58.06,13.5,1.369
MNQ,2315,23,15,ALL,G8+,CONTESTED,US+Europe overlap (peak),774.5,456,0.1164,0.3728,53.06,14.25,1.333
MNQ,2330,23,30,ALL,ALL_BREAKS,CONTESTED,US+Europe overlap (peak),5375.7,516,0.0772,0.3818,39.83,46.5,1.127
MNQ,2330,23,30,ALL,G4+,CONTESTED,US+Europe overlap (peak),5375.7,516,0.0772,0.3818,39.83,46.5,1.127
MNQ,2330,23,30,ALL,G8+,CONTESTED,US+Europe overlap (peak),5375.7,509,0.0802,0.3831,40.83,47.5,1.137
MNQ,2345,23,45,ALL,ALL_BREAKS,CONTESTED,US+Europe overlap (peak),4049.2,516,0.11,0.3798,56.77,33.88,1.123
MNQ,2345,23,45,ALL,G4+,CONTESTED,US+Europe overlap (peak),4049.2,516,0.11,0.3798,56.77,33.88,1.123
MNQ,2345,23,45,ALL,G8+,CONTESTED,US+Europe overlap (peak),4049.2,505,0.0985,0.3762,49.77,34.5,1.099
MNQ,0000,0,0,ALL,ALL_BREAKS,CONTESTED,US equity hours (peak vol),3999.9,516,0.2085,0.4128,107.61,33.0,1.391
MNQ,0000,0,0,ALL,G4+,CONTESTED,US equity hours (peak vol),3999.9,516,0.2085,0.4128,107.61,33.0,1.391
MNQ,0000,0,0,ALL,G8+,CONTESTED,US equity hours (peak vol),3999.9,506,0.2087,0.413,105.61,33.25,1.375
MNQ,0015,0,15,ALL,ALL_BREAKS,CONTESTED,US equity hours (peak vol),3126.6,516,0.2002,0.4089,103.31,26.25,1.345
MNQ,0015,0,15,ALL,G4+,CONTESTED,US equity hours (peak vol),3126.6,514,0.1932,0.4066,99.31,26.25,1.339
MNQ,0015,0,15,ALL,G8+,CONTESTED,US equity hours (peak vol),3126.6,501,0.1883,0.4052,94.31,26.75,1.337
MNQ,0030,0,30,WINTER,ALL_BREAKS,CONTESTED,US equity hours (peak vol),5578.2,177,0.2459,0.4294,43.53,59.25,1.244
MNQ,0030,0,30,WINTER,G4+,CONTESTED,US equity hours (peak vol),5578.2,177,0.2459,0.4294,43.53,59.25,1.244
MNQ,0030,0,30,WINTER,G8+,CONTESTED,US equity hours (peak vol),5578.2,177,0.2459,0.4294,43.53,59.25,1.244
MNQ,0030,0,30,SUMMER,ALL_BREAKS,CONTESTED,US equity hours (peak vol),5578.2,338,0.11,0.3817,37.19,31.5,1.149
MNQ,0030,0,30,SUMMER,G4+,CONTESTED,US equity hours (peak vol),5578.2,338,0.11,0.3817,37.19,31.5,1.149
MNQ,0030,0,30,SUMMER,G8+,CONTESTED,US equity hours (peak vol),5578.2,335,0.111,0.3821,37.19,31.75,1.15
MNQ,0045,0,45,ALL,ALL_BREAKS,CONTESTED,US equity hours (peak vol),4443.2,515,0.1807,0.4,93.06,34.5,1.215
MNQ,0045,0,45,ALL,G4+,CONTESTED,US equity hours (peak vol),4443.2,515,0.1807,0.4,93.06,34.5,1.215
MNQ,0045,0,45,ALL,G8+,CONTESTED,US equity hours (peak vol),4443.2,508,0.1793,0.3996,91.06,34.88,1.221
MNQ,0100,1,0,ALL,ALL_BREAKS,CONTESTED,US mid-session,4376.6,515,0.0133,0.3476,6.86,32.0,1.108
MNQ,0100,1,0,ALL,G4+,CONTESTED,US mid-session,4376.6,515,0.0133,0.3476,6.86,32.0,1.108
MNQ,0100,1,0,ALL,G8+,CONTESTED,US mid-session,4376.6,512,0.0193,0.3496,9.86,32.12,1.111
MNQ,0115,1,15,ALL,ALL_BREAKS,CONTESTED,US mid-session,3436.2,515,0.1675,0.3903,86.25,29.0,1.253
MNQ,0115,1,15,ALL,G4+,CONTESTED,US mid-session,3436.2,515,0.1675,0.3903,86.25,29.0,1.253
MNQ,0115,1,15,ALL,G8+,CONTESTED,US mid-session,3436.2,509,0.1636,0.389,83.25,29.25,1.253
MNQ,0130,1,30,ALL,ALL_BREAKS,CONTESTED,US mid-session,3408.4,515,0.1196,0.3825,61.61,28.0,1.148
MNQ,0130,1,30,ALL,G4+,CONTESTED,US mid-session,3408.4,515,0.1196,0.3825,61.61,28.0,1.148
MNQ,0130,1,30,ALL,G8+,CONTESTED,US mid-session,3408.4,508,0.1114,0.3799,56.61,28.5,1.142
MNQ,0145,1,45,ALL,ALL_BREAKS,CONTESTED,US mid-session,2917.9,515,0.0606,0.3573,31.19,25.5,1.114
MNQ,0145,1,45,ALL,G4+,CONTESTED,US mid-session,2917.9,514,0.0568,0.356,29.19,25.5,1.107
MNQ,0145,1,45,ALL,G8+,CONTESTED,US mid-session,2917.9,503,0.0501,0.3539,25.19,26.0,1.099
MNQ,0200,2,0,ALL,ALL_BREAKS,US-FADE,"US afternoon, EU closed",2933.6,515,0.0464,0.3515,23.92,25.5,1.139
MNQ,0200,2,0,ALL,G4+,US-FADE,"US afternoon, EU closed",2933.6,513,0.0447,0.3509,22.92,25.5,1.139
MNQ,0200,2,0,ALL,G8+,US-FADE,"US afternoon, EU closed",2933.6,509,0.047,0.3517,23.92,25.5,1.148
MNQ,0215,2,15,ALL,ALL_BREAKS,US-FADE,"US afternoon, EU closed",2372.8,515,0.1175,0.3786,60.51,22.5,1.223
MNQ,0215,2,15,ALL,G4+,US-FADE,"US afternoon, EU closed",2372.8,515,0.1175,0.3786,60.51,22.5,1.223
MNQ,0215,2,15,ALL,G8+,US-FADE,"US afternoon, EU closed",2372.8,504,0.1181,0.379,59.51,22.88,1.209
MNQ,0230,2,30,ALL,ALL_BREAKS,US-FADE,"US afternoon, EU closed",2438.4,515,0.0619,0.3612,31.87,22.25,1.074
MNQ,0230,2,30,ALL,G4+,US-FADE,"US afternoon, EU closed",2438.4,515,0.0619,0.3612,31.87,22.25,1.074
MNQ,0230,2,30,ALL,G8+,US-FADE,"US afternoon, EU closed",2438.4,503,0.0693,0.3638,34.87,22.75,1.075
MNQ,0245,2,45,ALL,ALL_BREAKS,US-FADE,"US afternoon, EU closed",2180.6,513,0.2007,0.4074,102.98,22.0,1.405
MNQ,0245,2,45,ALL,G4+,US-FADE,"US afternoon, EU closed",2180.6,512,0.2031,0.4082,103.98,22.0,1.402
MNQ,0245,2,45,ALL,G8+,US-FADE,"US afternoon, EU closed",2180.6,503,0.2008,0.4076,100.98,22.25,1.405
MNQ,0300,3,0,ALL,ALL_BREAKS,US-FADE,US late session,2396.3,506,0.0286,0.3458,14.46,24.5,1.025
MNQ,0300,3,0,ALL,G4+,US-FADE,US late session,2396.3,505,0.0306,0.3465,15.46,24.5,1.029
MNQ,0300,3,0,ALL,G8+,US-FADE,US late session,2396.3,502,0.0292,0.3466,14.68,24.62,1.03
MNQ,0315,3,15,ALL,ALL_BREAKS,US-FADE,US late session,2039.4,505,0.0754,0.3584,38.09,20.25,1.034
MNQ,0315,3,15,ALL,G4+,US-FADE,US late session,2039.4,504,0.0776,0.3591,39.09,20.25,1.034
MNQ,0315,3,15,ALL,G8+,US-FADE,US late session,2039.4,494,0.0872,0.3623,43.09,20.75,1.052
MNQ,0330,3,30,ALL,ALL_BREAKS,US-FADE,US late session,2111.7,505,0.1295,0.3861,65.39,21.0,1.258
MNQ,0330,3,30,ALL,G4+,US-FADE,US late session,2111.7,505,0.1295,0.3861,65.39,21.0,1.258
MNQ,0330,3,30,ALL,G8+,US-FADE,US late session,2111.7,492,0.1262,0.3862,62.08,21.25,1.262
MNQ,0345,3,45,ALL,ALL_BREAKS,US-FADE,US late session,1922.6,502,0.1673,0.3924,84.0,19.75,1.143
MNQ,0345,3,45,ALL,G4+,US-FADE,US late session,1922.6,502,0.1673,0.3924,84.0,19.75,1.143
MNQ,0345,3,45,ALL,G8+,US-FADE,US late session,1922.6,495,0.1689,0.3919,83.61,20.0,1.158
MNQ,0400,4,0,ALL,ALL_BREAKS,US-FADE,US closing,2343.1,497,0.0531,0.3702,26.38,23.0,1.074
MNQ,0400,4,0,ALL,G4+,US-FADE,US closing,2343.1,497,0.0531,0.3702,26.38,23.0,1.074
MNQ,0400,4,0,ALL,G8+,US-FADE,US closing,2343.1,491,0.0598,0.3727,29.38,23.0,1.074
MNQ,0415,4,15,ALL,ALL_BREAKS,US-FADE,US closing,1977.5,495,-0.0075,0.3354,-3.71,20.75,0.944
MNQ,0415,4,15,ALL,G4+,US-FADE,US closing,1977.5,495,-0.0075,0.3354,-3.71,20.75,0.944
MNQ,0415,4,15,ALL,G8+,US-FADE,US closing,1977.5,483,-0.0077,0.3354,-3.71,21.0,0.944
MNQ,0430,4,30,ALL,ALL_BREAKS,US-FADE,US closing,2025.2,495,0.0679,0.3737,33.59,20.25,1.118
MNQ,0430,4,30,ALL,G4+,US-FADE,US closing,2025.2,495,0.0679,0.3737,33.59,20.25,1.118
MNQ,0430,4,30,ALL,G8+,US-FADE,US closing,2025.2,490,0.0665,0.3735,32.59,20.25,1.114
MNQ,0445,4,45,ALL,ALL_BREAKS,US-FADE,US closing,1821.1,495,-0.0277,0.3354,-13.73,18.5,1.041
MNQ,0445,4,45,ALL,G4+,US-FADE,US closing,1821.1,495,-0.0277,0.3354,-13.73,18.5,1.041
MNQ,0445,4,45,ALL,G8+,US-FADE,US closing,1821.1,483,-0.0346,0.3333,-16.73,19.0,1.033
MNQ,0500,5,0,ALL,ALL_BREAKS,US-CLOSE,US post-close,2176.4,495,0.0897,0.3778,44.41,22.25,1.122
MNQ,0500,5,0,ALL,G4+,US-CLOSE,US post-close,2176.4,495,0.0897,0.3778,44.41,22.25,1.122
MNQ,0500,5,0,ALL,G8+,US-CLOSE,US post-close,2176.4,489,0.0969,0.3804,47.41,22.25,1.123
MNQ,0515,5,15,ALL,ALL_BREAKS,US-CLOSE,US post-close,1859.7,495,0.0484,0.3636,23.95,19.5,0.957
MNQ,0515,5,15,ALL,G4+,US-CLOSE,US post-close,1859.7,495,0.0484,0.3636,23.95,19.5,0.957
MNQ,0515,5,15,ALL,G8+,US-CLOSE,US post-close,1859.7,482,0.0518,0.3651,24.95,20.25,0.95
MNQ,0530,5,30,ALL,ALL_BREAKS,US-CLOSE,US post-close,2072.0,495,0.0709,0.3838,35.09,20.25,1.016
MNQ,0530,5,30,ALL,G4+,US-CLOSE,US post-close,2072.0,495,0.0709,0.3838,35.09,20.25,1.016
MNQ,0530,5,30,ALL,G8+,US-CLOSE,US post-close,2072.0,487,0.07,0.384,34.09,20.25,1.016
MNQ,0545,5,45,ALL,ALL_BREAKS,US-CLOSE,US post-close,1988.9,495,0.2156,0.4404,106.7,20.25,1.104
MNQ,0545,5,45,ALL,G4+,US-CLOSE,US post-close,1988.9,495,0.2156,0.4404,106.7,20.25,1.104
MNQ,0545,5,45,ALL,G8+,US-CLOSE,US post-close,1988.9,488,0.2084,0.4385,101.7,20.5,1.1
MNQ,0600,6,0,ALL,ALL_BREAKS,DEAD-ZONE,"US closed, quiet",2138.4,470,0.0312,0.4234,14.66,23.25,0.669
MNQ,0600,6,0,ALL,G4+,DEAD-ZONE,"US closed, quiet",2138.4,470,0.0312,0.4234,14.66,23.25,0.669
MNQ,0600,6,0,ALL,G8+,DEAD-ZONE,"US closed, quiet",2138.4,464,0.0251,0.4224,11.66,23.5,0.667
MNQ,0615,6,15,ALL,ALL_BREAKS,DEAD-ZONE,"US closed, quiet",944.7,491,0.0205,0.3727,10.08,13.5,0.969
MNQ,0615,6,15,ALL,G4+,DEAD-ZONE,"US closed, quiet",944.7,485,0.0208,0.3732,10.08,13.75,0.969
MNQ,0615,6,15,ALL,G8+,DEAD-ZONE,"US closed, quiet",944.7,405,-0.0032,0.3679,-1.28,16.0,0.945
MNQ,0630,6,30,ALL,ALL_BREAKS,DEAD-ZONE,"US closed, quiet",954.4,492,0.1023,0.3902,50.34,11.75,0.978
MNQ,0630,6,30,ALL,G4+,DEAD-ZONE,"US closed, quiet",954.4,458,0.0925,0.3886,42.34,12.75,0.961
MNQ,0630,6,30,ALL,G8+,DEAD-ZONE,"US closed, quiet",954.4,335,0.1138,0.406,38.13,17.0,1.0
MNQ,0645,6,45,ALL,ALL_BREAKS,DEAD-ZONE,"US closed, quiet",867.0,482,0.1155,0.417,55.66,10.75,1.0
MNQ,0645,6,45,ALL,G4+,DEAD-ZONE,"US closed, quiet",867.0,463,0.102,0.4147,47.25,11.25,1.0
MNQ,0645,6,45,ALL,G8+,DEAD-ZONE,"US closed, quiet",867.0,312,0.2247,0.4712,70.11,16.25,1.05
MNQ,0700,7,0,ALL,ALL_BREAKS,DEAD-ZONE,"US closed, Asia not open",2109.6,145,-0.0204,0.4345,-2.96,24.75,0.474
MNQ,0700,7,0,ALL,G4+,DEAD-ZONE,"US closed, Asia not open",2109.6,145,-0.0204,0.4345,-2.96,24.75,0.474
MNQ,0700,7,0,ALL,G8+,DEAD-ZONE,"US closed, Asia not open",2109.6,144,-0.0344,0.4306,-4.96,24.75,0.472
MNQ,0715,7,15,ALL,ALL_BREAKS,DEAD-ZONE,"US closed, Asia not open",581.3,152,-0.1229,0.3618,-18.67,12.5,0.508
MNQ,0715,7,15,ALL,G4+,DEAD-ZONE,"US closed, Asia not open",581.3,152,-0.1229,0.3618,-18.67,12.5,0.508
MNQ,0715,7,15,ALL,G8+,DEAD-ZONE,"US closed, Asia not open",581.3,124,-0.107,0.371,-13.27,14.0,0.504
MNQ,0730,7,30,ALL,ALL_BREAKS,DEAD-ZONE,"US closed, Asia not open",390.2,160,-0.1278,0.3563,-20.45,8.25,0.522
MNQ,0730,7,30,ALL,G4+,DEAD-ZONE,"US closed, Asia not open",390.2,151,-0.1418,0.3576,-21.41,9.0,0.507
MNQ,0730,7,30,ALL,G8+,DEAD-ZONE,"US closed, Asia not open",390.2,84,-0.1791,0.381,-15.05,12.75,0.464
MNQ,0745,7,45,ALL,ALL_BREAKS,DEAD-ZONE,"US closed, Asia not open",310.7,140,-0.1536,0.35,-21.5,8.0,0.36
MNQ,0745,7,45,ALL,G4+,DEAD-ZONE,"US closed, Asia not open",310.7,129,-0.1869,0.3333,-24.11,8.75,0.311
MNQ,0745,7,45,ALL,G8+,DEAD-ZONE,"US closed, Asia not open",310.7,73,-0.1456,0.3425,-10.63,11.5,0.254
MNQ,0800,8,0,ALL,ALL_BREAKS,DEAD-ZONE,"US closed, Asia not open",712.7,291,0.0521,0.488,15.15,21.5,0.477
MNQ,0800,8,0,ALL,G4+,DEAD-ZONE,"US closed, Asia not open",712.7,291,0.0521,0.488,15.15,21.5,0.477
MNQ,0800,8,0,ALL,G8+,DEAD-ZONE,"US closed, Asia not open",712.7,291,0.0521,0.488,15.15,21.5,0.477
MNQ,0815,8,15,ALL,ALL_BREAKS,DEAD-ZONE,"US closed, Asia not open",284.1,326,0.0694,0.4356,22.62,10.5,0.667
MNQ,0815,8,15,ALL,G4+,DEAD-ZONE,"US closed, Asia not open",284.1,309,0.0387,0.4272,11.95,11.0,0.619
MNQ,0815,8,15,ALL,G8+,DEAD-ZONE,"US closed, Asia not open",284.1,209,0.0592,0.4498,12.37,14.25,0.63
MNQ,0830,8,30,ALL,ALL_BREAKS,DEAD-ZONE,"US closed, Asia not open",285.6,303,0.0146,0.429,4.43,9.75,0.545
MNQ,0830,8,30,ALL,G4+,DEAD-ZONE,"US closed, Asia not open",285.6,283,-0.022,0.4134,-6.23,10.25,0.51
MNQ,0830,8,30,ALL,G8+,DEAD-ZONE,"US closed, Asia not open",285.6,193,-0.0365,0.4093,-7.04,13.25,0.5
MNQ,0845,8,45,ALL,ALL_BREAKS,DEAD-ZONE,"US closed, Asia not open",214.9,255,-0.0168,0.4196,-4.28,7.75,0.455
MNQ,0845,8,45,ALL,G4+,DEAD-ZONE,"US closed, Asia not open",214.9,223,-0.0166,0.417,-3.71,8.75,0.429
MNQ,0845,8,45,ALL,G8+,DEAD-ZONE,"US closed, Asia not open",214.9,124,0.0364,0.4677,4.51,12.75,0.425
MES,0900,9,0,WINTER,ALL_BREAKS,HANDOFF,"CME open, US→Asia transition",332.4,176,0.0735,0.4091,12.94,5.25,0.969
MES,0900,9,0,WINTER,G4+,HANDOFF,"CME open, US→Asia transition",332.4,131,0.0795,0.4198,10.41,6.75,0.833
MES,0900,9,0,WINTER,G8+,HANDOFF,"CME open, US→Asia transition",332.4,50,0.0095,0.4,0.48,10.5,0.672
MES,0900,9,0,SUMMER,ALL_BREAKS,HANDOFF,"CME open, US→Asia transition",332.4,338,-0.0138,0.3314,-4.65,2.0,0.98
MES,0900,9,0,SUMMER,G4+,HANDOFF,"CME open, US→Asia transition",332.4,68,-0.1566,0.2941,-10.65,5.25,0.957
MES,0900,9,0,SUMMER,G8+,HANDOFF,"CME open, US→Asia transition",332.4,10,0.835,0.7,8.35,14.38,1.864
MES,0915,9,15,ALL,ALL_BREAKS,HANDOFF,"CME open, US→Asia transition",181.2,516,0.0291,0.343,15.0,2.0,1.023
MES,0915,9,15,ALL,G4+,HANDOFF,"CME open, US→Asia transition",181.2,90,0.0,0.3333,0.0,5.5,0.758
MES,0915,9,15,ALL,G8+,HANDOFF,"CME open, US→Asia transition",181.2,22,-0.0455,0.3182,-1.0,10.12,0.736
MES,0930,9,30,ALL,ALL_BREAKS,HANDOFF,"CME open, US→Asia transition",180.3,514,0.1381,0.3794,71.0,2.0,1.115
MES,0930,9,30,ALL,G4+,HANDOFF,"CME open, US→Asia transition",180.3,84,0.1071,0.369,9.0,5.62,1.131
MES,0930,9,30,ALL,G8+,HANDOFF,"CME open, US→Asia transition",180.3,13,-0.0769,0.3077,-1.0,10.25,1.125
MES,0945,9,45,ALL,ALL_BREAKS,HANDOFF,"CME open, US→Asia transition",162.2,516,0.0758,0.3585,39.12,2.0,1.143
MES,0945,9,45,ALL,G4+,HANDOFF,"CME open, US→Asia transition",162.2,80,0.089,0.3625,7.12,5.5,0.764
MES,0945,9,45,ALL,G8+,HANDOFF,"CME open, US→Asia transition",162.2,15,0.1556,0.4,2.33,11.0,1.226
MES,1000,10,0,ALL,ALL_BREAKS,ASIA-ONLY,"Tokyo open, US/EU asleep",308.9,515,0.1563,0.3864,80.49,3.0,1.167
MES,1000,10,0,ALL,G4+,ASIA-ONLY,"Tokyo open, US/EU asleep",308.9,169,0.2514,0.4201,42.49,5.75,1.278
MES,1000,10,0,ALL,G8+,ASIA-ONLY,"Tokyo open, US/EU asleep",308.9,40,0.2147,0.4,8.59,10.12,1.597
MES,1015,10,15,ALL,ALL_BREAKS,ASIA-ONLY,"Tokyo open, US/EU asleep",225.5,517,0.2766,0.4275,143.0,2.25,1.385
MES,1015,10,15,ALL,G4+,ASIA-ONLY,"Tokyo open, US/EU asleep",225.5,119,0.4874,0.5042,58.0,5.75,1.925
MES,1015,10,15,ALL,G8+,ASIA-ONLY,"Tokyo open, US/EU asleep",225.5,30,0.6001,0.5667,18.0,11.38,1.985
MES,1030,10,30,ALL,ALL_BREAKS,ASIA-ONLY,"Tokyo open, US/EU asleep",189.5,517,0.0439,0.3482,22.7,2.0,1.1
MES,1030,10,30,ALL,G4+,ASIA-ONLY,"Tokyo open, US/EU asleep",189.5,92,0.138,0.3804,12.7,5.5,1.268
MES,1030,10,30,ALL,G8+,ASIA-ONLY,"Tokyo open, US/EU asleep",189.5,23,0.2332,0.3913,5.36,10.0,1.31
MES,1045,10,45,ALL,ALL_BREAKS,ASIA-ONLY,"Tokyo open, US/EU asleep",167.8,517,0.1929,0.3985,99.74,2.0,1.214
MES,1045,10,45,ALL,G4+,ASIA-ONLY,"Tokyo open, US/EU asleep",167.8,82,0.1553,0.3902,12.74,5.25,1.281
MES,1045,10,45,ALL,G8+,ASIA-ONLY,"Tokyo open, US/EU asleep",167.8,20,0.2,0.4,4.0,9.38,1.346
MES,1100,11,0,ALL,ALL_BREAKS,ASIA-ONLY,"Singapore/HK, US/EU asleep",229.4,517,0.0471,0.352,24.36,2.25,1.0
MES,1100,11,0,ALL,G4+,ASIA-ONLY,"Singapore/HK, US/EU asleep",229.4,114,0.1435,0.3947,16.36,5.75,1.226
MES,1100,11,0,ALL,G8+,ASIA-ONLY,"Singapore/HK, US/EU asleep",229.4,25,0.3229,0.48,8.07,10.0,1.425
MES,1115,11,15,ALL,ALL_BREAKS,ASIA-ONLY,"Singapore/HK, US/EU asleep",183.8,517,0.0691,0.3559,35.71,2.0,1.25
MES,1115,11,15,ALL,G4+,ASIA-ONLY,"Singapore/HK, US/EU asleep",183.8,86,-0.0498,0.314,-4.29,5.25,1.051
MES,1115,11,15,ALL,G8+,ASIA-ONLY,"Singapore/HK, US/EU asleep",183.8,17,-0.2941,0.2353,-5.0,9.75,1.026
MES,1130,11,30,ALL,ALL_BREAKS,ASIA-ONLY,"Singapore/HK, US/EU asleep",203.3,517,0.0792,0.3617,40.94,2.0,1.25
MES,1130,11,30,ALL,G4+,ASIA-ONLY,"Singapore/HK, US/EU asleep",203.3,94,0.0532,0.3511,5.0,5.25,0.998
MES,1130,11,30,ALL,G8+,ASIA-ONLY,"Singapore/HK, US/EU asleep",203.3,20,0.2,0.4,4.0,11.12,1.215
MES,1145,11,45,ALL,ALL_BREAKS,ASIA-ONLY,"Singapore/HK, US/EU asleep",157.8,515,0.014,0.3398,7.23,2.0,1.0
MES,1145,11,45,ALL,G4+,ASIA-ONLY,"Singapore/HK, US/EU asleep",157.8,74,-0.024,0.3378,-1.77,5.25,1.131
MES,1145,11,45,ALL,G8+,ASIA-ONLY,"Singapore/HK, US/EU asleep",157.8,12,-0.3542,0.25,-4.25,10.5,0.826
MES,1200,12,0,ALL,ALL_BREAKS,ASIA-ONLY,Asia mid-session,167.2,517,0.0601,0.354,31.07,1.75,1.111
MES,1200,12,0,ALL,G4+,ASIA-ONLY,Asia mid-session,167.2,71,0.1278,0.3803,9.07,5.5,1.125
MES,1200,12,0,ALL,G8+,ASIA-ONLY,Asia mid-session,167.2,16,0.3906,0.5,6.25,9.0,1.803
MES,1215,12,15,ALL,ALL_BREAKS,ASIA-ONLY,Asia mid-session,140.0,517,0.129,0.3791,66.7,1.75,1.25
MES,1215,12,15,ALL,G4+,ASIA-ONLY,Asia mid-session,140.0,68,0.2855,0.4412,19.42,5.12,1.19
MES,1215,12,15,ALL,G8+,ASIA-ONLY,Asia mid-session,140.0,14,0.6214,0.5714,8.7,10.62,1.775
MES,1230,12,30,ALL,ALL_BREAKS,ASIA-ONLY,Asia mid-session,130.9,517,-0.001,0.3327,-0.5,1.75,1.0
MES,1230,12,30,ALL,G4+,ASIA-ONLY,Asia mid-session,130.9,58,0.1379,0.3793,8.0,5.0,0.772
MES,1230,12,30,ALL,G8+,ASIA-ONLY,Asia mid-session,130.9,9,0.0,0.3333,0.0,9.25,0.732
MES,1245,12,45,ALL,ALL_BREAKS,ASIA-ONLY,Asia mid-session,110.8,511,0.18,0.3933,92.0,1.5,1.143
MES,1245,12,45,ALL,G4+,ASIA-ONLY,Asia mid-session,110.8,42,0.2857,0.4286,12.0,5.5,1.515
MES,1245,12,45,ALL,G8+,ASIA-ONLY,Asia mid-session,110.8,8,1.25,0.75,10.0,10.12,2.095
MES,1300,13,0,ALL,ALL_BREAKS,ASIA-FADE,Asia winding down,131.2,516,0.1016,0.3663,52.42,1.5,1.153
MES,1300,13,0,ALL,G4+,ASIA-FADE,Asia winding down,131.2,60,0.3737,0.45,22.42,5.0,1.706
MES,1300,13,0,ALL,G8+,ASIA-FADE,Asia winding down,131.2,11,0.493,0.4545,5.42,10.75,1.765
MES,1315,13,15,ALL,ALL_BREAKS,ASIA-FADE,Asia winding down,113.3,513,0.1696,0.3899,87.0,1.5,1.154
MES,1315,13,15,ALL,G4+,ASIA-FADE,Asia winding down,113.3,53,0.1321,0.3774,7.0,5.0,1.125
MES,1315,13,15,ALL,G8+,ASIA-FADE,Asia winding down,113.3,8,0.5,0.5,4.0,10.38,1.715
MES,1330,13,30,ALL,ALL_BREAKS,ASIA-FADE,Asia winding down,117.0,513,0.0994,0.3665,51.0,1.5,1.0
MES,1330,13,30,ALL,G4+,ASIA-FADE,Asia winding down,117.0,44,-0.1136,0.2955,-5.0,5.5,1.094
MES,1330,13,30,ALL,G8+,ASIA-FADE,Asia winding down,117.0,6,0.0,0.3333,0.0,13.5,0.983
MES,1345,13,45,ALL,ALL_BREAKS,ASIA-FADE,Asia winding down,101.9,515,0.0369,0.3456,19.0,1.5,0.917
MES,1345,13,45,ALL,G4+,ASIA-FADE,Asia winding down,101.9,44,-0.0455,0.3182,-2.0,5.88,0.968
MES,1345,13,45,ALL,G8+,ASIA-FADE,Asia winding down,101.9,6,0.0,0.3333,0.0,10.38,1.283
MES,1400,14,0,ALL,ALL_BREAKS,DEAD-ZONE,"Asia closed, EU not open",109.0,513,0.1579,0.386,81.0,1.5,1.155
MES,1400,14,0,ALL,G4+,DEAD-ZONE,"Asia closed, EU not open",109.0,47,-0.1064,0.2979,-5.0,5.25,0.882
MES,1400,14,0,ALL,G8+,DEAD-ZONE,"Asia closed, EU not open",109.0,10,-0.1,0.3,-1.0,11.12,1.153
MES,1415,14,15,ALL,ALL_BREAKS,DEAD-ZONE,"Asia closed, EU not open",93.6,513,0.1462,0.3821,75.0,1.25,1.2
MES,1415,14,15,ALL,G4+,DEAD-ZONE,"Asia closed, EU not open",93.6,30,0.3,0.4333,9.0,5.88,1.157
MES,1415,14,15,ALL,G8+,DEAD-ZONE,"Asia closed, EU not open",93.6,9,0.6667,0.5556,6.0,13.0,2.077
MES,1430,14,30,ALL,ALL_BREAKS,DEAD-ZONE,"Asia closed, EU not open",92.4,511,0.1037,0.3679,53.0,1.25,1.25
MES,1430,14,30,ALL,G4+,DEAD-ZONE,"Asia closed, EU not open",92.4,36,-0.1667,0.2778,-6.0,5.75,1.149
MES,1430,14,30,ALL,G8+,DEAD-ZONE,"Asia closed, EU not open",92.4,10,-0.7,0.1,-7.0,8.88,1.107
MES,1445,14,45,ALL,ALL_BREAKS,DEAD-ZONE,"Asia closed, EU not open",77.6,511,0.1624,0.3875,83.0,1.25,1.2
MES,1445,14,45,ALL,G4+,DEAD-ZONE,"Asia closed, EU not open",77.6,25,-0.4,0.2,-10.0,5.0,1.0
MES,1445,14,45,ALL,G8+,DEAD-ZONE,"Asia closed, EU not open",77.6,6,-0.5,0.1667,-3.0,10.75,0.461
MES,1500,15,0,WINTER,ALL_BREAKS,EU-EARLY,Europe pre-market,129.2,216,0.3056,0.4352,66.0,1.5,1.31
MES,1500,15,0,WINTER,G4+,EU-EARLY,Europe pre-market,129.2,20,0.35,0.45,7.0,5.25,1.258
MES,1500,15,0,SUMMER,ALL_BREAKS,EU-EARLY,Europe pre-market,129.2,297,0.1515,0.3838,45.0,1.75,1.308
MES,1500,15,0,SUMMER,G4+,EU-EARLY,Europe pre-market,129.2,32,0.0312,0.3438,1.0,5.75,1.684
MES,1500,15,0,SUMMER,G8+,EU-EARLY,Europe pre-market,129.2,8,-0.25,0.25,-2.0,11.75,1.226
MES,1515,15,15,WINTER,ALL_BREAKS,EU-EARLY,Europe pre-market,97.7,216,0.1806,0.3935,39.0,1.25,1.0
MES,1515,15,15,WINTER,G4+,EU-EARLY,Europe pre-market,97.7,19,0.4211,0.4737,8.0,5.0,1.96
MES,1515,15,15,SUMMER,ALL_BREAKS,EU-EARLY,Europe pre-market,97.7,297,0.1515,0.3838,45.0,1.5,1.167
MES,1515,15,15,SUMMER,G4+,EU-EARLY,Europe pre-market,97.7,25,0.44,0.48,11.0,5.75,1.941
MES,1515,15,15,SUMMER,G8+,EU-EARLY,Europe pre-market,97.7,6,0.5,0.5,3.0,11.38,1.677
MES,1530,15,30,WINTER,ALL_BREAKS,EU-EARLY,Europe pre-market,128.8,217,0.1336,0.3779,29.0,1.75,1.25
MES,1530,15,30,WINTER,G4+,EU-EARLY,Europe pre-market,128.8,21,0.1429,0.381,3.0,4.5,1.353
MES,1530,15,30,SUMMER,ALL_BREAKS,EU-EARLY,Europe pre-market,128.8,297,0.101,0.367,30.0,1.75,1.0
MES,1530,15,30,SUMMER,G4+,EU-EARLY,Europe pre-market,128.8,42,0.3571,0.4524,15.0,5.88,1.699
MES,1530,15,30,SUMMER,G8+,EU-EARLY,Europe pre-market,128.8,9,0.6667,0.5556,6.0,10.75,2.0
MES,1545,15,45,WINTER,ALL_BREAKS,EU-EARLY,Europe pre-market,107.5,216,0.1111,0.3704,24.0,1.25,1.083
MES,1545,15,45,WINTER,G4+,EU-EARLY,Europe pre-market,107.5,13,0.1538,0.3846,2.0,5.75,0.4
MES,1545,15,45,SUMMER,ALL_BREAKS,EU-EARLY,Europe pre-market,107.5,298,0.1376,0.3792,41.0,1.75,1.143
MES,1545,15,45,SUMMER,G4+,EU-EARLY,Europe pre-market,107.5,38,-0.1316,0.2895,-5.0,4.5,1.342
MES,1545,15,45,SUMMER,G8+,EU-EARLY,Europe pre-market,107.5,6,-0.5,0.1667,-3.0,16.12,1.126
MES,1600,16,0,WINTER,ALL_BREAKS,EU-EARLY,Europe opening,197.2,215,0.1971,0.4,42.38,1.75,1.4
MES,1600,16,0,WINTER,G4+,EU-EARLY,Europe opening,197.2,28,0.1562,0.3929,4.38,5.5,1.344
MES,1600,16,0,SUMMER,ALL_BREAKS,EU-EARLY,Europe opening,197.2,299,0.0507,0.3512,15.15,2.75,1.0
MES,1600,16,0,SUMMER,G4+,EU-EARLY,Europe opening,197.2,66,0.0781,0.3636,5.15,5.25,1.026
MES,1600,16,0,SUMMER,G8+,EU-EARLY,Europe opening,197.2,17,0.2736,0.4118,4.65,11.75,1.125
MES,1615,16,15,WINTER,ALL_BREAKS,EU-EARLY,Europe opening,140.1,217,0.0783,0.3594,17.0,1.5,1.0
MES,1615,16,15,WINTER,G4+,EU-EARLY,Europe opening,140.1,23,0.0435,0.3478,1.0,5.5,0.882
MES,1615,16,15,SUMMER,ALL_BREAKS,EU-EARLY,Europe opening,140.1,299,0.1438,0.3813,43.0,2.0,1.0
MES,1615,16,15,SUMMER,G4+,EU-EARLY,Europe opening,140.1,44,0.2955,0.4318,13.0,5.62,1.26
MES,1615,16,15,SUMMER,G8+,EU-EARLY,Europe opening,140.1,9,0.3333,0.4444,3.0,10.5,1.312
MES,1630,16,30,WINTER,ALL_BREAKS,EU-EARLY,Europe opening,163.9,217,0.0507,0.3502,11.0,2.0,1.0
MES,1630,16,30,WINTER,G4+,EU-EARLY,Europe opening,163.9,33,0.2727,0.4242,9.0,5.25,0.781
MES,1630,16,30,SUMMER,ALL_BREAKS,EU-EARLY,Europe opening,163.9,299,0.2843,0.4281,85.0,2.25,1.429
MES,1630,16,30,SUMMER,G4+,EU-EARLY,Europe opening,163.9,55,0.2545,0.4182,14.0,4.5,1.235
MES,1630,16,30,SUMMER,G8+,EU-EARLY,Europe opening,163.9,7,0.7143,0.5714,5.0,11.0,2.03
MES,1645,16,45,WINTER,ALL_BREAKS,EU-EARLY,Europe opening,135.9,214,-0.0047,0.3318,-1.0,1.75,1.0
MES,1645,16,45,WINTER,G4+,EU-EARLY,Europe opening,135.9,18,-0.3333,0.2222,-6.0,4.75,0.6
MES,1645,16,45,SUMMER,ALL_BREAKS,EU-EARLY,Europe opening,135.9,299,0.0334,0.3445,10.0,2.0,1.0
MES,1645,16,45,SUMMER,G4+,EU-EARLY,Europe opening,135.9,41,-0.122,0.2927,-5.0,5.5,1.192
MES,1645,16,45,SUMMER,G8+,EU-EARLY,Europe opening,135.9,13,0.3846,0.4615,5.0,10.0,1.951
MES,1700,17,0,WINTER,ALL_BREAKS,EU-EARLY,Europe morning,310.3,217,0.023,0.341,5.0,2.5,1.0
MES,1700,17,0,WINTER,G4+,EU-EARLY,Europe morning,310.3,50,0.14,0.38,7.0,5.25,1.025
MES,1700,17,0,WINTER,G8+,EU-EARLY,Europe morning,310.3,8,0.125,0.375,1.0,8.75,1.484
MES,1700,17,0,SUMMER,ALL_BREAKS,EU-EARLY,Europe morning,310.3,299,0.1066,0.3679,31.87,3.25,1.224
MES,1700,17,0,SUMMER,G4+,EU-EARLY,Europe morning,310.3,126,0.245,0.4127,30.87,5.5,1.385
MES,1700,17,0,SUMMER,G8+,EU-EARLY,Europe morning,310.3,27,-0.079,0.2963,-2.13,10.75,0.969
MES,1715,17,15,ALL,ALL_BREAKS,EU-EARLY,Europe morning,223.9,516,0.063,0.3547,32.52,2.75,1.0
MES,1715,17,15,ALL,G4+,EU-EARLY,Europe morning,223.9,140,0.0037,0.3357,0.52,5.0,1.0
MES,1715,17,15,ALL,G8+,EU-EARLY,Europe morning,223.9,18,0.1399,0.3889,2.52,11.62,1.159
MES,1730,17,30,ALL,ALL_BREAKS,EU-EARLY,Europe morning,222.8,516,0.1802,0.3934,93.0,2.75,1.134
MES,1730,17,30,ALL,G4+,EU-EARLY,Europe morning,222.8,133,-0.0301,0.3233,-4.0,5.25,1.167
MES,1730,17,30,ALL,G8+,EU-EARLY,Europe morning,222.8,24,0.125,0.375,3.0,10.88,1.405
MES,1745,17,45,ALL,ALL_BREAKS,EU-EARLY,Europe morning,190.3,516,0.1453,0.3818,75.0,2.5,1.071
MES,1745,17,45,ALL,G4+,EU-EARLY,Europe morning,190.3,100,0.08,0.36,8.0,5.25,0.906
MES,1745,17,45,ALL,G8+,EU-EARLY,Europe morning,190.3,22,0.5,0.5,11.0,9.62,1.578
MES,1800,18,0,WINTER,ALL_BREAKS,EU-MAIN,London open,379.2,217,0.1751,0.3917,38.0,3.75,1.31
MES,1800,18,0,WINTER,G4+,EU-MAIN,London open,379.2,104,0.0962,0.3654,10.0,5.75,1.243
MES,1800,18,0,WINTER,G8+,EU-MAIN,London open,379.2,18,-0.1667,0.2778,-3.0,9.75,1.529
MES,1800,18,0,SUMMER,ALL_BREAKS,EU-MAIN,London open,379.2,299,0.0105,0.3378,3.13,3.5,1.0
MES,1800,18,0,SUMMER,G4+,EU-MAIN,London open,379.2,121,-0.0402,0.3223,-4.87,5.0,0.944
MES,1800,18,0,SUMMER,G8+,EU-MAIN,London open,379.2,28,-0.388,0.2143,-10.87,10.5,0.706
MES,1815,18,15,ALL,ALL_BREAKS,EU-MAIN,London open,242.3,516,0.2035,0.4012,105.0,3.0,1.295
MES,1815,18,15,ALL,G4+,EU-MAIN,London open,242.3,158,0.2722,0.4241,43.0,5.5,1.292
MES,1815,18,15,ALL,G8+,EU-MAIN,London open,242.3,22,0.5,0.5,11.0,9.5,1.875
MES,1830,18,30,ALL,ALL_BREAKS,EU-MAIN,London open,229.4,516,0.1482,0.3837,76.48,2.75,1.0
MES,1830,18,30,ALL,G4+,EU-MAIN,London open,229.4,166,0.0932,0.3675,15.48,5.5,0.866
MES,1830,18,30,ALL,G8+,EU-MAIN,London open,229.4,22,0.2273,0.4091,5.0,10.5,1.37
MES,1845,18,45,ALL,ALL_BREAKS,EU-MAIN,London open,190.2,516,0.0698,0.3566,36.0,2.5,1.0
MES,1845,18,45,ALL,G4+,EU-MAIN,London open,190.2,121,0.1405,0.3802,17.0,5.25,1.0
MES,1845,18,45,ALL,G8+,EU-MAIN,London open,190.2,15,0.2,0.4,3.0,11.0,1.484
MES,1900,19,0,ALL,ALL_BREAKS,EU-MAIN,Europe mid-session,254.9,516,0.0349,0.345,18.0,3.0,1.0
MES,1900,19,0,ALL,G4+,EU-MAIN,Europe mid-session,254.9,164,0.2805,0.4268,46.0,5.5,1.431
MES,1900,19,0,ALL,G8+,EU-MAIN,Europe mid-session,254.9,31,0.1613,0.3871,5.0,10.5,0.656
MES,1915,19,15,ALL,ALL_BREAKS,EU-MAIN,Europe mid-session,195.8,515,0.0544,0.3515,28.0,2.5,1.125
MES,1915,19,15,ALL,G4+,EU-MAIN,Europe mid-session,195.8,100,0.32,0.44,32.0,5.38,1.481
MES,1915,19,15,ALL,G8+,EU-MAIN,Europe mid-session,195.8,18,0.3333,0.4444,6.0,9.75,1.262
MES,1930,19,30,ALL,ALL_BREAKS,EU-MAIN,Europe mid-session,191.1,516,0.1105,0.3702,57.0,2.5,1.108
MES,1930,19,30,ALL,G4+,EU-MAIN,Europe mid-session,191.1,109,0.0183,0.3394,2.0,5.0,0.941
MES,1930,19,30,ALL,G8+,EU-MAIN,Europe mid-session,191.1,15,0.0,0.3333,0.0,12.0,1.333
MES,1945,19,45,ALL,ALL_BREAKS,EU-MAIN,Europe mid-session,172.1,515,0.1068,0.3689,55.0,2.25,1.0
MES,1945,19,45,ALL,G4+,EU-MAIN,Europe mid-session,172.1,90,0.2667,0.4222,24.0,4.75,1.369
MES,1945,19,45,ALL,G8+,EU-MAIN,Europe mid-session,172.1,10,0.5,0.5,5.0,9.62,1.883
MES,2000,20,0,ALL,ALL_BREAKS,EU-MAIN,Europe afternoon,235.2,516,0.0291,0.343,15.0,2.5,1.0
MES,2000,20,0,ALL,G4+,EU-MAIN,Europe afternoon,235.2,123,-0.0244,0.3252,-3.0,5.5,1.048
MES,2000,20,0,ALL,G8+,EU-MAIN,Europe afternoon,235.2,27,0.2222,0.4074,6.0,11.25,1.562
MES,2015,20,15,ALL,ALL_BREAKS,EU-MAIN,Europe afternoon,184.6,516,0.0872,0.3624,45.0,2.25,1.0
MES,2015,20,15,ALL,G4+,EU-MAIN,Europe afternoon,184.6,87,0.2759,0.4253,24.0,5.0,1.286
MES,2015,20,15,ALL,G8+,EU-MAIN,Europe afternoon,184.6,19,-0.2105,0.2632,-4.0,9.5,0.881
MES,2030,20,30,ALL,ALL_BREAKS,EU-MAIN,Europe afternoon,209.8,516,0.093,0.3643,48.0,2.25,1.236
MES,2030,20,30,ALL,G4+,EU-MAIN,Europe afternoon,209.8,103,0.0777,0.3592,8.0,5.5,1.125
MES,2030,20,30,ALL,G8+,EU-MAIN,Europe afternoon,209.8,22,-0.1818,0.2727,-4.0,10.25,1.153
MES,2045,20,45,ALL,ALL_BREAKS,EU-MAIN,Europe afternoon,186.8,515,0.0602,0.3534,31.0,2.0,1.095
MES,2045,20,45,ALL,G4+,EU-MAIN,Europe afternoon,186.8,81,0.2222,0.4074,18.0,5.25,1.368
MES,2045,20,45,ALL,G8+,EU-MAIN,Europe afternoon,186.8,18,0.0,0.3333,0.0,10.12,0.947
MES,2100,21,0,ALL,ALL_BREAKS,EU-US-TRANS,"Europe PM, US pre-market",310.5,516,0.0,0.3333,0.0,2.75,1.0
MES,2100,21,0,ALL,G4+,EU-US-TRANS,"Europe PM, US pre-market",310.5,149,0.0671,0.3557,10.0,5.5,1.036
MES,2100,21,0,ALL,G8+,EU-US-TRANS,"Europe PM, US pre-market",310.5,25,-0.16,0.28,-4.0,10.0,0.719
MES,2115,21,15,ALL,ALL_BREAKS,EU-US-TRANS,"Europe PM, US pre-market",226.3,516,-0.0058,0.3314,-3.0,2.25,1.0
MES,2115,21,15,ALL,G4+,EU-US-TRANS,"Europe PM, US pre-market",226.3,100,-0.07,0.31,-7.0,5.25,0.949
MES,2115,21,15,ALL,G8+,EU-US-TRANS,"Europe PM, US pre-market",226.3,16,0.125,0.375,2.0,10.75,0.932
MES,2130,21,30,ALL,ALL_BREAKS,EU-US-TRANS,"Europe PM, US pre-market",269.5,516,-0.0058,0.3314,-3.0,2.5,0.969
MES,2130,21,30,ALL,G4+,EU-US-TRANS,"Europe PM, US pre-market",269.5,124,-0.1048,0.2984,-13.0,5.5,0.875
MES,2130,21,30,ALL,G8+,EU-US-TRANS,"Europe PM, US pre-market",269.5,20,-0.1,0.3,-2.0,10.75,1.155
MES,2145,21,45,ALL,ALL_BREAKS,EU-US-TRANS,"Europe PM, US pre-market",263.0,516,0.1279,0.376,66.0,2.25,1.25
MES,2145,21,45,ALL,G4+,EU-US-TRANS,"Europe PM, US pre-market",263.0,111,-0.0541,0.3153,-6.0,5.25,0.83
MES,2145,21,45,ALL,G8+,EU-US-TRANS,"Europe PM, US pre-market",263.0,17,-0.1176,0.2941,-2.0,10.0,0.83
MES,2200,22,0,ALL,ALL_BREAKS,CONTESTED,US+Europe overlap,394.1,516,0.0407,0.3469,21.0,3.0,1.184
MES,2200,22,0,ALL,G4+,CONTESTED,US+Europe overlap,394.1,175,0.0286,0.3429,5.0,5.5,1.312
MES,2200,22,0,ALL,G8+,CONTESTED,US+Europe overlap,394.1,38,-0.1316,0.2895,-5.0,10.12,1.052
MES,2215,22,15,ALL,ALL_BREAKS,CONTESTED,US+Europe overlap,325.8,516,-0.0233,0.3256,-12.0,2.5,1.0
MES,2215,22,15,ALL,G4+,CONTESTED,US+Europe overlap,325.8,135,-0.0222,0.3259,-3.0,5.75,0.895
MES,2215,22,15,ALL,G8+,CONTESTED,US+Europe overlap,325.8,31,0.0645,0.3548,2.0,10.5,0.81
MES,2230,22,30,ALL,ALL_BREAKS,CONTESTED,US+Europe overlap,799.9,514,0.1755,0.4027,90.23,3.75,1.226
MES,2230,22,30,ALL,G4+,CONTESTED,US+Europe overlap,799.9,254,0.1978,0.4213,50.23,7.75,1.159
MES,2230,22,30,ALL,G8+,CONTESTED,US+Europe overlap,799.9,125,0.2579,0.464,32.23,13.5,1.054
MES,2245,22,45,ALL,ALL_BREAKS,CONTESTED,US+Europe overlap,515.2,516,-0.025,0.3256,-12.92,3.25,1.104
MES,2245,22,45,ALL,G4+,CONTESTED,US+Europe overlap,515.2,190,-0.0417,0.3211,-7.92,5.5,1.089
MES,2245,22,45,ALL,G8+,CONTESTED,US+Europe overlap,515.2,49,-0.1616,0.2857,-7.92,10.25,0.657
MES,2300,23,0,WINTER,ALL_BREAKS,CONTESTED,US+Europe overlap (peak),610.2,178,0.0449,0.3483,8.0,3.0,1.0
MES,2300,23,0,WINTER,G4+,CONTESTED,US+Europe overlap (peak),610.2,61,-0.2131,0.2623,-13.0,5.25,0.75
MES,2300,23,0,WINTER,G8+,CONTESTED,US+Europe overlap (peak),610.2,9,-0.6667,0.1111,-6.0,11.5,0.398
MES,2300,23,0,SUMMER,ALL_BREAKS,CONTESTED,US+Europe overlap (peak),610.2,338,-0.0947,0.3018,-32.0,3.38,1.0
MES,2300,23,0,SUMMER,G4+,CONTESTED,US+Europe overlap (peak),610.2,131,-0.0153,0.3282,-2.0,6.0,1.188
MES,2300,23,0,SUMMER,G8+,CONTESTED,US+Europe overlap (peak),610.2,37,0.1351,0.3784,5.0,9.25,1.294
MES,2315,23,15,ALL,ALL_BREAKS,CONTESTED,US+Europe overlap (peak),518.1,516,0.0756,0.3585,39.0,3.0,1.25
MES,2315,23,15,ALL,G4+,CONTESTED,US+Europe overlap (peak),518.1,165,-0.0545,0.3152,-9.0,5.25,0.857
MES,2315,23,15,ALL,G8+,CONTESTED,US+Europe overlap (peak),518.1,28,-0.3571,0.2143,-10.0,10.75,0.804
MES,2330,23,30,ALL,ALL_BREAKS,CONTESTED,US+Europe overlap (peak),3513.3,517,0.0668,0.3636,34.51,8.0,1.0
MES,2330,23,30,ALL,G4+,CONTESTED,US+Europe overlap (peak),3513.3,446,0.1357,0.3879,60.51,8.75,1.116
MES,2330,23,30,ALL,G8+,CONTESTED,US+Europe overlap (peak),3513.3,271,0.1093,0.3838,29.63,11.25,1.0
MES,2345,23,45,ALL,ALL_BREAKS,CONTESTED,US+Europe overlap (peak),2633.0,517,0.122,0.3791,63.06,6.0,1.179
MES,2345,23,45,ALL,G4+,CONTESTED,US+Europe overlap (peak),2633.0,378,0.1298,0.3836,49.06,8.0,1.18
MES,2345,23,45,ALL,G8+,CONTESTED,US+Europe overlap (peak),2633.0,191,0.1144,0.3822,21.85,11.0,1.152
MES,0000,0,0,ALL,ALL_BREAKS,CONTESTED,US equity hours (peak vol),2803.5,517,0.1659,0.3926,85.78,6.25,1.357
MES,0000,0,0,ALL,G4+,CONTESTED,US equity hours (peak vol),2803.5,390,0.221,0.4128,86.21,7.5,1.283
MES,0000,0,0,ALL,G8+,CONTESTED,US equity hours (peak vol),2803.5,187,0.1826,0.4064,34.14,12.25,1.273
MES,0015,0,15,ALL,ALL_BREAKS,CONTESTED,US equity hours (peak vol),2180.6,517,0.1732,0.3926,89.54,5.0,1.333
MES,0015,0,15,ALL,G4+,CONTESTED,US equity hours (peak vol),2180.6,339,0.1185,0.3746,40.19,6.5,1.172
MES,0015,0,15,ALL,G8+,CONTESTED,US equity hours (peak vol),2180.6,119,0.138,0.3866,16.42,10.25,1.156
MES,0030,0,30,WINTER,ALL_BREAKS,CONTESTED,US equity hours (peak vol),3700.6,178,0.1318,0.3876,23.46,9.38,1.134
MES,0030,0,30,WINTER,G4+,CONTESTED,US equity hours (peak vol),3700.6,172,0.1552,0.3895,26.7,9.5,1.17
MES,0030,0,30,WINTER,G8+,CONTESTED,US equity hours (peak vol),3700.6,110,0.2063,0.4091,22.7,13.0,1.385
MES,0030,0,30,SUMMER,ALL_BREAKS,CONTESTED,US equity hours (peak vol),3700.6,338,0.2908,0.4379,98.28,6.25,1.387
MES,0030,0,30,SUMMER,G4+,CONTESTED,US equity hours (peak vol),3700.6,278,0.3083,0.446,85.71,6.88,1.457
MES,0030,0,30,SUMMER,G8+,CONTESTED,US equity hours (peak vol),3700.6,113,0.2537,0.4425,28.66,10.25,1.286
MES,0045,0,45,ALL,ALL_BREAKS,CONTESTED,US equity hours (peak vol),3040.6,516,0.1779,0.3953,91.8,6.75,1.203
MES,0045,0,45,ALL,G4+,CONTESTED,US equity hours (peak vol),3040.6,416,0.1942,0.4014,80.8,7.75,1.246
MES,0045,0,45,ALL,G8+,CONTESTED,US equity hours (peak vol),3040.6,195,0.0974,0.3744,19.0,11.25,1.172
MES,0100,1,0,ALL,ALL_BREAKS,CONTESTED,US mid-session,3115.6,516,0.1489,0.3915,76.84,6.25,1.155
MES,0100,1,0,ALL,G4+,CONTESTED,US mid-session,3115.6,421,0.1588,0.3967,66.84,7.5,1.2
MES,0100,1,0,ALL,G8+,CONTESTED,US mid-session,3115.6,200,0.1492,0.405,29.84,10.88,1.137
MES,0115,1,15,ALL,ALL_BREAKS,CONTESTED,US mid-session,2467.6,516,0.2271,0.4089,117.21,5.75,1.264
MES,0115,1,15,ALL,G4+,CONTESTED,US mid-session,2467.6,370,0.2222,0.4081,82.21,7.0,1.221
MES,0115,1,15,ALL,G8+,CONTESTED,US mid-session,2467.6,141,-0.0056,0.3333,-0.79,10.25,0.944
MES,0130,1,30,ALL,ALL_BREAKS,CONTESTED,US mid-session,2528.0,516,0.141,0.3857,72.78,5.5,1.216
MES,0130,1,30,ALL,G4+,CONTESTED,US mid-session,2528.0,390,0.102,0.3744,39.78,6.75,1.156
MES,0130,1,30,ALL,G8+,CONTESTED,US mid-session,2528.0,143,0.1092,0.3846,15.62,11.0,1.081
MES,0145,1,45,ALL,ALL_BREAKS,CONTESTED,US mid-session,2121.4,516,0.1199,0.374,61.87,5.12,1.182
MES,0145,1,45,ALL,G4+,CONTESTED,US mid-session,2121.4,346,0.0979,0.3671,33.87,6.75,1.15
MES,0145,1,45,ALL,G8+,CONTESTED,US mid-session,2121.4,117,0.0929,0.3675,10.87,10.5,1.236
MES,0200,2,0,ALL,ALL_BREAKS,US-FADE,"US afternoon, EU closed",2187.0,516,0.0826,0.3663,42.64,5.25,1.226
MES,0200,2,0,ALL,G4+,US-FADE,"US afternoon, EU closed",2187.0,350,0.0378,0.3514,13.21,6.5,1.188
MES,0200,2,0,ALL,G8+,US-FADE,"US afternoon, EU closed",2187.0,120,-0.1075,0.3083,-12.91,10.88,0.951
MES,0215,2,15,ALL,ALL_BREAKS,US-FADE,"US afternoon, EU closed",1782.4,516,0.1244,0.3779,64.2,4.75,1.213
MES,0215,2,15,ALL,G4+,US-FADE,"US afternoon, EU closed",1782.4,316,0.1241,0.3797,39.2,6.25,1.178
MES,0215,2,15,ALL,G8+,US-FADE,"US afternoon, EU closed",1782.4,98,0.0117,0.3469,1.15,10.0,1.121
MES,0230,2,30,ALL,ALL_BREAKS,US-FADE,"US afternoon, EU closed",1882.1,516,0.1216,0.3798,62.72,4.75,1.179
MES,0230,2,30,ALL,G4+,US-FADE,"US afternoon, EU closed",1882.1,321,0.1328,0.3863,42.64,6.5,1.16
MES,0230,2,30,ALL,G8+,US-FADE,"US afternoon, EU closed",1882.1,101,0.2197,0.4257,22.19,10.25,1.056
MES,0245,2,45,ALL,ALL_BREAKS,US-FADE,"US afternoon, EU closed",1664.7,514,0.1359,0.3833,69.84,4.5,1.173
MES,0245,2,45,ALL,G4+,US-FADE,"US afternoon, EU closed",1664.7,314,0.1549,0.3917,48.63,6.5,1.253
MES,0245,2,45,ALL,G8+,US-FADE,"US afternoon, EU closed",1664.7,96,0.0328,0.3646,3.15,10.5,1.169
MES,0300,3,0,ALL,ALL_BREAKS,US-FADE,US late session,1874.0,507,0.0393,0.355,19.91,5.25,1.077
MES,0300,3,0,ALL,G4+,US-FADE,US late session,1874.0,359,0.0295,0.3538,10.58,6.5,1.036
MES,0300,3,0,ALL,G8+,US-FADE,US late session,1874.0,115,-0.1538,0.2957,-17.68,9.75,0.976
MES,0315,3,15,ALL,ALL_BREAKS,US-FADE,US late session,1604.5,506,0.1108,0.3715,56.05,4.38,1.143
MES,0315,3,15,ALL,G4+,US-FADE,US late session,1604.5,306,0.1943,0.3987,59.45,6.25,1.169
MES,0315,3,15,ALL,G8+,US-FADE,US late session,1604.5,90,0.338,0.4444,30.42,10.62,1.192
MES,0330,3,30,ALL,ALL_BREAKS,US-FADE,US late session,1739.3,506,0.1892,0.4032,95.71,4.5,1.282
MES,0330,3,30,ALL,G4+,US-FADE,US late session,1739.3,302,0.128,0.3841,38.65,6.5,1.261
MES,0330,3,30,ALL,G8+,US-FADE,US late session,1739.3,99,0.0901,0.3737,8.92,10.25,0.875
MES,0345,3,45,ALL,ALL_BREAKS,US-FADE,US late session,1534.7,502,0.1841,0.4004,92.4,4.25,1.258
MES,0345,3,45,ALL,G4+,US-FADE,US late session,1534.7,297,0.2254,0.4175,66.93,5.75,1.34
MES,0345,3,45,ALL,G8+,US-FADE,US late session,1534.7,92,0.032,0.3587,2.94,10.88,0.767
MES,0400,4,0,ALL,ALL_BREAKS,US-FADE,US closing,1912.9,499,0.0326,0.3607,16.29,5.0,1.071
MES,0400,4,0,ALL,G4+,US-FADE,US closing,1912.9,338,-0.0808,0.3314,-27.31,6.5,1.0
MES,0400,4,0,ALL,G8+,US-FADE,US closing,1912.9,125,0.0541,0.408,6.76,11.75,1.111
MES,0415,4,15,ALL,ALL_BREAKS,US-FADE,US closing,1613.6,496,0.0592,0.3609,29.35,4.5,0.942
MES,0415,4,15,ALL,G4+,US-FADE,US closing,1613.6,289,0.0185,0.3529,5.35,6.25,0.912
MES,0415,4,15,ALL,G8+,US-FADE,US closing,1613.6,94,-0.0333,0.3404,-3.13,9.88,0.899
MES,0430,4,30,ALL,ALL_BREAKS,US-FADE,US closing,1693.1,496,0.153,0.3972,75.9,4.5,1.193
MES,0430,4,30,ALL,G4+,US-FADE,US closing,1693.1,305,0.0304,0.3607,9.27,6.0,1.097
MES,0430,4,30,ALL,G8+,US-FADE,US closing,1693.1,96,0.1403,0.3958,13.47,10.5,1.117
MES,0445,4,45,ALL,ALL_BREAKS,US-FADE,US closing,1511.8,496,0.1013,0.3871,50.25,4.25,1.123
MES,0445,4,45,ALL,G4+,US-FADE,US closing,1511.8,273,-0.0092,0.3626,-2.51,6.0,0.919
MES,0445,4,45,ALL,G8+,US-FADE,US closing,1511.8,90,0.011,0.3889,0.99,10.5,1.024
MES,0500,5,0,ALL,ALL_BREAKS,US-CLOSE,US post-close,1876.6,496,0.0379,0.3609,18.8,5.0,0.984
MES,0500,5,0,ALL,G4+,US-CLOSE,US post-close,1876.6,326,0.0172,0.362,5.6,6.5,0.965
MES,0500,5,0,ALL,G8+,US-CLOSE,US post-close,1876.6,121,-0.04,0.3554,-4.84,11.0,0.844
MES,0515,5,15,ALL,ALL_BREAKS,US-CLOSE,US post-close,1596.2,496,0.0818,0.375,40.55,4.25,1.0
MES,0515,5,15,ALL,G4+,US-CLOSE,US post-close,1596.2,285,-0.0121,0.3544,-3.45,6.25,0.88
MES,0515,5,15,ALL,G8+,US-CLOSE,US post-close,1596.2,87,-0.1624,0.3218,-14.13,10.75,0.767
MES,0530,5,30,ALL,ALL_BREAKS,US-CLOSE,US post-close,1845.0,495,0.065,0.3737,32.2,4.75,0.947
MES,0530,5,30,ALL,G4+,US-CLOSE,US post-close,1845.0,304,0.0168,0.3618,5.1,6.5,0.826
MES,0530,5,30,ALL,G8+,US-CLOSE,US post-close,1845.0,114,0.0626,0.3772,7.14,10.38,0.757
MES,0545,5,45,ALL,ALL_BREAKS,US-CLOSE,US post-close,1898.6,494,0.1172,0.415,57.89,4.75,0.944
MES,0545,5,45,ALL,G4+,US-CLOSE,US post-close,1898.6,328,0.0904,0.4177,29.66,6.5,0.854
MES,0545,5,45,ALL,G8+,US-CLOSE,US post-close,1898.6,119,0.0559,0.437,6.65,10.75,0.721
MES,0600,6,0,ALL,ALL_BREAKS,DEAD-ZONE,"US closed, quiet",1985.5,471,0.0935,0.4352,44.04,5.0,0.677
MES,0600,6,0,ALL,G4+,DEAD-ZONE,"US closed, quiet",1985.5,335,0.0585,0.4269,19.59,6.25,0.575
MES,0600,6,0,ALL,G8+,DEAD-ZONE,"US closed, quiet",1985.5,97,-0.0682,0.433,-6.62,12.25,0.482
MES,0615,6,15,ALL,ALL_BREAKS,DEAD-ZONE,"US closed, quiet",745.9,494,0.0423,0.3785,20.88,3.0,0.944
MES,0615,6,15,ALL,G4+,DEAD-ZONE,"US closed, quiet",745.9,171,0.0149,0.386,2.54,6.25,0.963
MES,0615,6,15,ALL,G8+,DEAD-ZONE,"US closed, quiet",745.9,52,-0.1388,0.3462,-7.22,11.0,0.793
MES,0630,6,30,ALL,ALL_BREAKS,DEAD-ZONE,"US closed, quiet",805.2,489,0.0283,0.3661,13.84,2.5,0.875
MES,0630,6,30,ALL,G4+,DEAD-ZONE,"US closed, quiet",805.2,153,0.0105,0.3791,1.61,6.5,0.841
MES,0630,6,30,ALL,G8+,DEAD-ZONE,"US closed, quiet",805.2,56,-0.233,0.3214,-13.05,11.12,0.568
MES,0645,6,45,ALL,ALL_BREAKS,DEAD-ZONE,"US closed, quiet",766.9,480,0.164,0.4396,78.71,2.5,1.143
MES,0645,6,45,ALL,G4+,DEAD-ZONE,"US closed, quiet",766.9,143,0.1079,0.4406,15.43,6.25,0.9
MES,0645,6,45,ALL,G8+,DEAD-ZONE,"US closed, quiet",766.9,52,-0.0726,0.4038,-3.78,10.62,0.594
MES,0700,7,0,ALL,ALL_BREAKS,DEAD-ZONE,"US closed, Asia not open",1857.7,143,-0.0423,0.4476,-6.05,5.0,0.462
MES,0700,7,0,ALL,G4+,DEAD-ZONE,"US closed, Asia not open",1857.7,102,-0.0754,0.4314,-7.69,6.25,0.403
MES,0700,7,0,ALL,G8+,DEAD-ZONE,"US closed, Asia not open",1857.7,29,-0.0242,0.5172,-0.7,10.75,0.324
MES,0715,7,15,ALL,ALL_BREAKS,DEAD-ZONE,"US closed, Asia not open",372.9,156,-0.1895,0.3269,-29.57,2.38,0.5
MES,0715,7,15,ALL,G4+,DEAD-ZONE,"US closed, Asia not open",372.9,34,-0.1397,0.4706,-4.75,6.12,0.412
MES,0715,7,15,ALL,G8+,DEAD-ZONE,"US closed, Asia not open",372.9,10,0.2974,0.8,2.97,12.25,0.86
MES,0730,7,30,ALL,ALL_BREAKS,DEAD-ZONE,"US closed, Asia not open",268.8,156,-0.0584,0.3782,-9.11,1.75,0.571
MES,0730,7,30,ALL,G4+,DEAD-ZONE,"US closed, Asia not open",268.8,22,-0.1589,0.3636,-3.5,6.62,0.309
MES,0730,7,30,ALL,G8+,DEAD-ZONE,"US closed, Asia not open",268.8,8,-0.1502,0.375,-1.2,12.12,0.403
MES,0745,7,45,ALL,ALL_BREAKS,DEAD-ZONE,"US closed, Asia not open",210.5,132,-0.0619,0.3561,-8.18,1.5,0.375
MES,0745,7,45,ALL,G4+,DEAD-ZONE,"US closed, Asia not open",210.5,8,-0.0127,0.625,-0.1,5.25,0.369
MES,0800,8,0,ALL,ALL_BREAKS,DEAD-ZONE,"US closed, Asia not open",552.2,292,0.0088,0.4623,2.57,4.75,0.433
MES,0800,8,0,ALL,G4+,DEAD-ZONE,"US closed, Asia not open",552.2,187,0.0331,0.4706,6.19,6.25,0.39
MES,0800,8,0,ALL,G8+,DEAD-ZONE,"US closed, Asia not open",552.2,68,0.0031,0.4853,0.21,11.88,0.344
MES,0815,8,15,ALL,ALL_BREAKS,DEAD-ZONE,"US closed, Asia not open",205.9,326,0.0648,0.411,21.14,2.25,0.667
MES,0815,8,15,ALL,G4+,DEAD-ZONE,"US closed, Asia not open",205.9,65,-0.1039,0.3846,-6.75,6.0,0.55
MES,0815,8,15,ALL,G8+,DEAD-ZONE,"US closed, Asia not open",205.9,21,-0.328,0.2857,-6.89,9.25,0.48
MES,0830,8,30,ALL,ALL_BREAKS,DEAD-ZONE,"US closed, Asia not open",190.5,299,0.0405,0.408,12.11,2.0,0.571
MES,0830,8,30,ALL,G4+,DEAD-ZONE,"US closed, Asia not open",190.5,58,-0.3574,0.2586,-20.73,5.12,0.393
MES,0830,8,30,ALL,G8+,DEAD-ZONE,"US closed, Asia not open",190.5,13,-0.6185,0.2308,-8.04,11.25,0.261
MES,0845,8,45,ALL,ALL_BREAKS,DEAD-ZONE,"US closed, Asia not open",143.7,240,0.0407,0.3875,9.77,1.5,0.333
MES,0845,8,45,ALL,G4+,DEAD-ZONE,"US closed, Asia not open",143.7,30,0.1062,0.5,3.19,5.62,0.374
MES,0845,8,45,ALL,G8+,DEAD-ZONE,"US closed, Asia not open",143.7,6,-0.0623,0.3333,-0.37,11.75,0.232
